,COUNTY,STATE,COUNTYFIPS,num_hospital,num_beds
0,ABBEVILLE,SC,45001,1,25
1,ACADIA,LA,22001,6,-2938
2,ADA,ID,16001,11,-1643
3,ADAIR,IA,19001,1,25
4,ADAIR,KY,21001,1,77
5,ADAIR,MO,29001,1,93
6,ADAMS,CO,08001,7,-283
7,ADAMS,IA,19003,1,22
8,ADAMS,IL,17001,2,-664
9,ADAMS,IN,18001,1,35
10,ADAMS,MS,28001,2,280
11,ADAMS,ND,38001,1,25
12,ADAMS,NE,31001,1,161
13,ADAMS,OH,39001,1,25
14,ADAMS,PA,42001,1,76
15,ADAMS,WA,53001,2,57
16,ADAMS,WI,55001,1,25
17,ADDISON,VT,50001,1,25
18,AGUADILLA,PR,72005,1,154
19,AIBONITO,PR,72009,1,-999
20,AIKEN,SC,45003,1,245
21,AITKIN,MN,27001,1,25
22,ALACHUA,FL,12001,6,1765
23,ALAMANCE,NC,37001,1,238
24,ALAMEDA,CA,06001,26,2761
25,ALAMOSA,CO,08003,1,44
26,ALBANY,NY,36001,7,-617
27,ALBANY,WY,56001,1,99
28,ALBEMARLE,VA,51003,4,285
29,ALCORN,MS,28003,1,200
30,ALEUTIANS WEST,AK,02016,1,-999
31,ALEXANDER,NC,37003,1,25
32,ALEXANDRIA,VA,51510,1,318
33,ALGER,MI,26003,1,11
34,ALLAMAKEE,IA,19005,1,25
35,ALLEGAN,MI,26005,2,68
36,ALLEGANY,MD,24001,2,451
37,ALLEGANY,NY,36003,2,76
38,ALLEGHANY,NC,37005,1,41
39,ALLEGHANY,VA,51005,1,205
40,ALLEGHENY,PA,42003,31,5404
41,ALLEN,IN,18003,11,535
42,ALLEN,KS,20001,2,-974
43,ALLEN,KY,21003,1,25
44,ALLEN,LA,22003,2,76
45,ALLEN,OH,39003,5,830
46,ALLENDALE,SC,45005,1,25
47,ALPENA,MI,26007,1,124
48,AMADOR,CA,06005,1,52
49,ANCHORAGE,AK,02020,9,-2009
50,ANDERSON,KS,20003,1,41
51,ANDERSON,SC,45007,4,755
52,ANDERSON,TN,47001,1,301
53,ANDERSON,TX,48001,2,156
54,ANDREWS,TX,48003,1,34
55,ANDROSCOGGIN,ME,23001,2,483
56,ANGELINA,TX,48005,4,470
57,ANNE ARUNDEL,MD,24003,2,673
58,ANOKA,MN,27003,1,275
59,ANSON,NC,37007,2,162
60,ANTELOPE,NE,31003,2,37
61,APACHE,AZ,04001,4,-1953
62,APPANOOSE,IA,19007,1,45
63,APPLING,GA,13001,1,49
64,ARAPAHOE,CO,08005,9,-980
65,ARCHULETA,CO,08007,1,11
66,ARECIBO,PR,72013,2,326
67,ARENAC,MI,26011,1,25
68,ARKANSAS,AR,05001,2,-974
69,ARLINGTON,VA,51013,1,334
70,ARMSTRONG,PA,42005,1,155
71,AROOSTOOK,ME,23003,6,256
72,ARROYO,PR,72015,1,38
73,ASCENSION,LA,22005,4,-952
74,ASHE,NC,37009,1,76
75,ASHLAND,OH,39005,1,123
76,ASHLAND,WI,55003,1,35
77,ASHLEY,AR,05003,1,33
78,ASHTABULA,OH,39007,5,429
79,ASOTIN,WA,53003,1,25
80,ASSUMPTION,LA,22007,1,6
81,ATASCOSA,TX,48013,1,67
82,ATCHISON,KS,20005,1,25
83,ATCHISON,MO,29005,1,18
84,ATHENS,OH,39009,3,245
85,ATLANTIC,NJ,34001,9,1573
86,ATOKA,OK,40005,1,25
87,ATTALA,MS,28007,1,25
88,AUDRAIN,MO,29007,1,88
89,AUDUBON,IA,19009,1,25
90,AUGLAIZE,OH,39011,1,140
91,AUGUSTA,VA,51015,1,255
92,AUSTIN,TX,48015,1,32
93,AUTAUGA,AL,01001,1,85
94,AVERY,NC,37011,1,50
95,AVOYELLES,LA,22009,3,-944
96,BACA,CO,08009,1,79
97,BACON,GA,13005,1,47
98,BAILEY,TX,48017,1,25
99,BAKER,FL,12003,2,1163
100,BAKER,OR,41001,1,65
101,BALDWIN,AL,01003,4,398
102,BALDWIN,GA,13009,2,340
103,BALTIMORE,MD,24005,7,900
104,BALTIMORE,MD,24510,1,84
105,BALTIMORE CITY,MD,24510,16,2334
106,BANNOCK,ID,16005,2,219
107,BARAGA,MI,26013,1,15
108,BARBER,KS,20007,2,35
109,BARBOUR,AL,01005,1,74
110,BARBOUR,WV,54001,1,72
111,BARNES,ND,38003,1,25
112,BARNSTABLE,MA,25001,4,-592
113,BARNWELL,SC,45011,1,53
114,BARREN,KY,21009,1,180
115,BARRON,WI,55005,3,90
116,BARROW,GA,13013,1,56
117,BARRY,MI,26015,1,49
118,BARRY,MO,29009,2,43
119,BARTHOLOMEW,IN,18005,1,198
120,BARTON,KS,20009,3,81
121,BARTON,MO,29011,1,25
122,BARTOW,GA,13015,1,80
123,BASTROP,TX,48021,1,8
124,BATES,MO,29013,1,60
125,BATH,VA,51017,1,25
126,BAXTER,AR,05005,1,268
127,BAY,FL,12005,4,514
128,BAY,MI,26017,3,389
129,BAYAMON,PR,72021,6,-35
130,BAYLOR,TX,48023,1,49
131,BEADLE,SD,46005,1,25
132,BEAR LAKE,ID,16007,1,21
133,BEAUFORT,NC,37013,3,303
134,BEAUFORT,SC,45013,3,-709
135,BEAUREGARD,LA,22011,2,80
136,BEAVER,OK,40007,1,24
137,BEAVER,PA,42007,2,396
138,BEAVER,UT,49001,2,72
139,BEAVERHEAD,MT,30001,1,25
140,BECKER,MN,27005,1,87
141,BECKHAM,OK,40009,2,93
142,BEDFORD,PA,42009,1,49
143,BEDFORD,TN,47003,2,237
144,BEDFORD CITY,VA,51515,1,50
145,BEE,TX,48025,1,69
146,BELKNAP,NH,33001,1,137
147,BELL,KY,21013,2,216
148,BELL,TX,48027,10,-1906
149,BELMONT,OH,39013,4,300
150,BELTRAMI,MN,27007,2,-881
151,BEN HILL,GA,13017,1,75
152,BENEWAH,ID,16009,1,19
153,BENNETT,SD,46007,1,14
154,BENNINGTON,VT,50003,1,99
155,BENTON,AR,05007,6,-2662
156,BENTON,IA,19011,1,25
157,BENTON,OR,41003,1,164
158,BENTON,TN,47005,1,25
159,BENTON,WA,53005,4,447
160,BENZIE,MI,26019,1,8
161,BERGEN,NJ,34003,10,3019
162,BERKELEY,WV,54003,2,-758
163,BERKS,PA,42011,6,1247
164,BERKSHIRE,MA,25003,3,-665
165,BERNALILLO,NM,35001,16,934
166,BERRIEN,GA,13019,1,63
167,BERRIEN,MI,26021,4,512
168,BERTIE,NC,37015,1,6
169,BETHEL,AK,02050,1,37
170,BEXAR,TX,48029,46,5173
171,BIBB,AL,01007,1,35
172,BIBB,GA,13021,8,1294
173,BIENVILLE,LA,22013,1,21
174,BIG HORN,MT,30003,2,-938
175,BIG HORN,WY,56003,2,25
176,BIG STONE,MN,27011,2,40
177,BINGHAM,ID,16011,3,153
178,BLACK HAWK,IA,19013,3,459
179,BLACKFORD,IN,18009,1,15
180,BLADEN,NC,37017,1,58
181,BLAINE,ID,16013,1,25
182,BLAINE,MT,30005,1,-999
183,BLAINE,OK,40011,2,42
184,BLAIR,PA,42013,5,598
185,BLECKLEY,GA,13023,1,25
186,BLEDSOE,TN,47007,1,25
187,BLOUNT,AL,01009,1,40
188,BLOUNT,TN,47009,2,471
189,BLUE EARTH,MN,27013,1,272
190,BOLIVAR,MS,28011,1,165
191,BON HOMME,SD,46009,2,50
192,BOND,IL,17005,1,150
193,BONNER,ID,16017,1,25
194,BONNEVILLE,ID,16019,2,332
195,BOONE,AR,05009,1,174
196,BOONE,IA,19015,1,42
197,BOONE,IL,17007,1,-999
198,BOONE,IN,18011,1,52
199,BOONE,KY,21015,2,201
200,BOONE,MO,29019,6,-1378
201,BOONE,NE,31011,1,25
202,BOONE,WV,54005,1,25
203,BOSQUE,TX,48035,1,25
204,BOSSIER,LA,22015,5,-595
205,BOTTINEAU,ND,38009,1,25
206,BOULDER,CO,08013,6,-299
207,BOUNDARY,ID,16021,1,20
208,BOURBON,KS,20011,1,61
209,BOURBON,KY,21017,1,58
210,BOWIE,TX,48037,6,841
211,BOWMAN,ND,38011,1,23
212,BOX BUTTE,NE,31013,1,25
213,BOX ELDER,UT,49003,2,53
214,BOYD,KY,21019,1,455
215,BOYD,NE,31015,1,20
216,BOYLE,KY,21021,1,222
217,BRADFORD,FL,12007,1,25
218,BRADFORD,PA,42015,3,340
219,BRADLEY,AR,05011,1,35
220,BRADLEY,TN,47011,1,140
221,BRANCH,MI,26023,1,96
222,BRAXTON,WV,54007,1,25
223,BRAZORIA,TX,48039,5,357
224,BRAZOS,TX,48041,6,658
225,BREATHITT,KY,21025,1,55
226,BRECKINRIDGE,KY,21027,1,25
227,BREMER,IA,19017,2,50
228,BREVARD,FL,12009,11,1768
229,BREWSTER,TX,48043,1,25
230,BRISTOL,MA,25005,10,-599
231,BRISTOL,VA,51520,2,53
232,BROADWATER,MT,30007,1,44
233,BRONX,NY,36005,14,-1535
234,BROOKE,WV,54009,2,251
235,BROOKINGS,SD,46011,1,49
236,BROOKS,GA,13027,1,25
237,BROOME,NY,36007,4,-257
238,BROOMFIELD,CO,08014,1,92
239,BROWARD,FL,12011,26,6018
240,BROWN,KS,20013,2,50
241,BROWN,MN,27015,3,102
242,BROWN,NE,31017,1,23
243,BROWN,OH,39015,1,921
244,BROWN,SD,46013,3,172
245,BROWN,TX,48049,1,194
246,BROWN,WI,55009,8,1278
247,BRULE,SD,46015,1,25
248,BRUNSWICK,NC,37019,3,-839
249,BRYAN,OK,40013,1,148
250,BUCHANAN,IA,19019,2,120
251,BUCHANAN,MO,29021,3,-606
252,BUCHANAN,VA,51027,1,134
253,BUCKS,PA,42017,9,-74
254,BUENA VISTA,IA,19021,1,35
255,BUFFALO,NE,31019,3,322
256,BULLOCH,GA,13031,2,190
257,BULLOCK,AL,01011,1,61
258,BUNCOMBE,NC,37021,4,-122
259,BUREAU,IL,17011,1,-999
260,BURKE,GA,13033,1,40
261,BURKE,NC,37023,2,446
262,BURLEIGH,ND,38015,2,510
263,BURLESON,TX,48051,1,25
264,BURLINGTON,NJ,34005,9,1112
265,BURNET,TX,48053,2,71
266,BURNETT,WI,55013,1,25
267,BURT,NE,31021,1,18
268,BUTLER,AL,01013,2,94
269,BUTLER,KS,20015,2,126
270,BUTLER,MO,29023,5,-857
271,BUTLER,NE,31023,1,20
272,BUTLER,OH,39017,8,879
273,BUTLER,PA,42019,3,-1702
274,BUTTE,CA,06007,7,592
275,BUTTE,ID,16023,1,14
276,BUTTS,GA,13035,1,25
277,CABARRUS,NC,37025,2,497
278,CABELL,WV,54011,6,1051
279,CABO ROJO,PR,72023,1,43
280,CACHE,UT,49005,2,150
281,CADDO,LA,22017,14,-669
282,CADDO,OK,40015,2,42
283,CAGUAS,PR,72025,2,435
284,CALAVERAS,CA,06009,1,48
285,CALCASIEU,LA,22019,11,-2209
286,CALDWELL,KY,21033,1,25
287,CALDWELL,LA,22021,2,65
288,CALDWELL,TX,48055,2,59
289,CALEDONIA,VT,50005,1,25
290,CALHOUN,AL,01015,4,590
291,CALHOUN,FL,12013,1,25
292,CALHOUN,GA,13037,1,25
293,CALHOUN,IA,19025,1,25
294,CALHOUN,MI,26025,5,-682
295,CALHOUN,MS,28013,1,25
296,CALHOUN,WV,54013,1,42
297,CALLAWAY,MO,29027,2,-962
298,CALLOWAY,KY,21035,1,152
299,CALUMET,WI,55015,1,25
300,CALVERT,MD,24009,1,76
301,CAMBRIA,PA,42021,4,594
302,CAMDEN,GA,13039,1,40
303,CAMDEN,MO,29029,2,130
304,CAMDEN,NJ,34007,11,1829
305,CAMERON,LA,22023,1,49
306,CAMERON,TX,48061,11,520
307,CAMP,TX,48063,1,25
308,CAMPBELL,KY,21037,2,-715
309,CAMPBELL,TN,47013,2,120
310,CAMPBELL,WY,56005,1,90
311,CANADIAN,OK,40017,2,123
312,CANDLER,GA,13043,1,25
313,CANNON,TN,47015,1,60
314,CANYON,ID,16027,2,302
315,CAPE GIRARDEAU,MO,29031,2,293
316,CAPE MAY,NJ,34009,1,242
317,CARBON,MT,30009,1,10
318,CARBON,PA,42025,2,155
319,CARBON,UT,49007,1,49
320,CARBON,WY,56007,1,25
321,CARIBOU,ID,16029,1,25
322,CAROLINA,PR,72031,1,-999
323,CARROLL,AR,05015,2,47
324,CARROLL,GA,13045,3,344
325,CARROLL,IA,19027,3,203
326,CARROLL,KY,21041,1,25
327,CARROLL,MD,24013,2,409
328,CARROLL,NH,33003,1,25
329,CARROLL,TN,47017,2,115
330,CARSON CITY,NV,32510,3,229
331,CARTER,MT,30011,1,31
332,CARTER,OK,40019,2,212
333,CARTER,TN,47019,1,121
334,CARTERET,NC,37031,1,135
335,CARVER,MN,27019,1,109
336,CASCADE,MT,30013,3,436
337,CASEY,KY,21045,1,15
338,CASS,IA,19029,1,33
339,CASS,IN,18017,2,-984
340,CASS,MI,26027,1,25
341,CASS,MN,27021,1,-999
342,CASS,MO,29037,2,106
343,CASS,ND,38017,6,-1496
344,CASS,TX,48067,2,68
345,CASSIA,ID,16031,1,25
346,CASTRO,TX,48069,1,17
347,CATAWBA,NC,37035,2,613
348,CATOOSA,GA,13047,1,185
349,CATTARAUGUS,NY,36009,2,248
350,CAVALIER,ND,38019,1,20
351,CAYEY,PR,72035,1,208
352,CAYUGA,NY,36011,1,99
353,CECIL,MD,24015,2,-877
354,CEDAR,MO,29039,2,41
355,CENTRE,PA,42027,3,438
356,CERRO GORDO,IA,19033,2,586
357,CHAFFEE,CO,08015,1,25
358,CHAMBERS,AL,01017,1,115
359,CHAMBERS,TX,48071,2,39
360,CHAMPAIGN,IL,17019,3,549
361,CHAMPAIGN,OH,39021,1,8
362,CHARLES,MD,24017,1,89
363,CHARLES MIX,SD,46023,2,37
364,CHARLESTON,SC,45019,11,2166
365,CHARLEVOIX,MI,26029,1,25
366,CHARLOTTE,FL,12015,4,823
367,CHARLOTTESVILLE,VA,51540,1,614
368,CHARLTON,GA,13049,1,-999
369,CHASE,NE,31029,1,22
370,CHATHAM,GA,13051,9,1717
371,CHATHAM,NC,37037,1,25
372,CHATTAHOOCHEE,GA,13053,1,57
373,CHATTOOGA,GA,13055,1,31
374,CHAUTAUQUA,KS,20019,1,25
375,CHAUTAUQUA,NY,36013,5,399
376,CHAVES,NM,35005,3,229
377,CHEATHAM,TN,47021,1,12
378,CHELAN,WA,53007,3,239
379,CHEMUNG,NY,36015,3,-608
380,CHENANGO,NY,36017,1,58
381,CHEROKEE,AL,01019,1,60
382,CHEROKEE,GA,13057,1,79
383,CHEROKEE,IA,19035,2,83
384,CHEROKEE,KS,20021,2,54
385,CHEROKEE,NC,37039,1,191
386,CHEROKEE,NC,37173,1,-999
387,CHEROKEE,OK,40021,2,-899
388,CHEROKEE,SC,45021,1,125
389,CHEROKEE,TX,48073,3,429
390,CHERRY,NE,31031,1,25
391,CHESAPEAKE,VA,51550,1,310
392,CHESHIRE,NH,33005,1,169
393,CHESTER,PA,42029,10,1286
394,CHESTER,SC,45023,1,82
395,CHESTERFIELD,SC,45025,1,59
396,CHESTERFIELD,VA,51041,4,466
397,CHEYENNE,CO,08017,1,11
398,CHEYENNE,KS,20023,1,16
399,CHEYENNE,NE,31033,1,25
400,CHICKASAW,IA,19037,1,18
401,CHICKASAW,MS,28017,1,84
402,CHICOT,AR,05017,2,40
403,CHILDRESS,TX,48075,1,39
404,CHILTON,AL,01021,1,26
405,CHIPPEWA,MI,26033,1,82
406,CHIPPEWA,MN,27023,1,30
407,CHIPPEWA,WI,55017,2,218
408,CHISAGO,MN,27025,1,61
409,CHITTENDEN,VT,50007,1,562
410,CHOCTAW,AL,01023,1,25
411,CHOCTAW,MS,28019,2,50
412,CHOCTAW,OK,40023,2,64
413,CHOUTEAU,MT,30015,2,82
414,CHOWAN,NC,37041,1,89
415,CHRISTIAN,IL,17021,2,67
416,CHRISTIAN,KY,21047,2,291
417,CHURCHILL,NV,32001,1,40
418,CIBOLA,NM,35006,2,-974
419,CIDRA,PR,72041,1,-999
420,CIMARRON,OK,40025,1,25
421,CITRUS,FL,12017,2,332
422,CLACKAMAS,OR,41005,4,551
423,CLAIBORNE,LA,22027,1,-999
424,CLAIBORNE,MS,28021,1,32
425,CLALLAM,WA,53009,2,163
426,CLARE,MI,26035,1,49
427,CLARENDON,SC,45027,2,89
428,CLARION,PA,42031,2,156
429,CLARK,AR,05019,1,25
430,CLARK,IN,18019,4,442
431,CLARK,KS,20025,2,99
432,CLARK,KY,21049,1,54
433,CLARK,NV,32003,42,-4713
434,CLARK,OH,39023,4,-705
435,CLARK,WA,53011,4,-1418
436,CLARK,WI,55019,2,49
437,CLARKE,AL,01025,2,85
438,CLARKE,GA,13059,3,574
439,CLARKE,IA,19039,1,25
440,CLARKE,MS,28023,1,25
441,CLATSOP,OR,41007,2,289
442,CLAY,AR,05021,1,25
443,CLAY,FL,12019,3,416
444,CLAY,IA,19041,1,99
445,CLAY,IL,17025,1,18
446,CLAY,IN,18021,1,25
447,CLAY,KS,20027,1,25
448,CLAY,KY,21051,1,63
449,CLAY,MO,29047,6,905
450,CLAY,MS,28025,1,60
451,CLAY,SD,46027,1,25
452,CLAY,TN,47027,1,34
453,CLAY,TX,48077,1,25
454,CLAYTON,GA,13063,4,558
455,CLAYTON,IA,19043,2,50
456,CLEARFIELD,PA,42033,2,310
457,CLEARWATER,ID,16035,2,83
458,CLEARWATER,MN,27029,1,25
459,CLEBURNE,AR,05023,1,25
460,CLERMONT,OH,39025,1,148
461,CLEVELAND,NC,37045,4,431
462,CLEVELAND,OK,40027,5,808
463,CLINCH,GA,13065,1,25
464,CLINTON,IA,19045,3,-734
465,CLINTON,IN,18023,1,25
466,CLINTON,KY,21053,1,42
467,CLINTON,MI,26037,1,25
468,CLINTON,MO,29049,1,58
469,CLINTON,NY,36019,1,300
470,CLINTON,OH,39027,1,165
471,CLINTON,PA,42035,2,111
472,CLOUD,KS,20029,1,25
473,COAHOMA,MS,28027,1,181
474,COAL,OK,40029,1,20
475,COBB,GA,13067,6,1274
476,COCHISE,AZ,04003,8,-2730
477,COCHRAN,TX,48079,1,18
478,COCKE,TN,47029,1,74
479,COCONINO,AZ,04005,4,-691
480,CODINGTON,SD,46029,1,81
481,COFFEE,AL,01031,1,131
482,COFFEE,GA,13069,1,88
483,COFFEE,TN,47031,3,220
484,COFFEY,KS,20031,2,-921
485,COLBERT,AL,01033,2,363
486,COLE,MO,29051,3,402
487,COLEMAN,TX,48083,1,25
488,COLES,IL,17029,1,118
489,COLFAX,NE,31037,1,25
490,COLFAX,NM,35007,1,25
491,COLLETON,SC,45029,1,131
492,COLLIER,FL,12021,6,1051
493,COLLIN,TX,48085,27,2615
494,COLLINGSWORTH,TX,48087,1,16
495,COLORADO,TX,48089,3,103
496,COLQUITT,GA,13071,2,158
497,COLUMBIA,AR,05027,1,70
498,COLUMBIA,FL,12023,3,346
499,COLUMBIA,PA,42037,2,173
500,COLUMBIA,WA,53013,1,25
501,COLUMBIA,WI,55021,2,98
502,COLUMBIANA,OH,39029,2,351
503,COLUMBUS,NC,37047,1,154
504,COLUSA,CA,06011,1,48
505,COMAL,TX,48091,5,348
506,COMANCHE,KS,20033,1,12
507,COMANCHE,OK,40031,5,-461
508,COMANCHE,TX,48093,1,25
509,CONCHO,TX,48095,1,16
510,CONCORDIA,LA,22029,2,65
511,CONECUH,AL,01035,1,58
512,CONEJOS,CO,08021,1,17
513,CONTRA COSTA,CA,06013,12,994
514,CONVERSE,WY,56009,1,25
515,CONWAY,AR,05029,1,35
516,COOK,GA,13075,1,60
517,COOK,IL,17031,70,10682
518,COOK,MN,27031,1,16
519,COOKE,TX,48097,2,78
520,COOPER,MO,29053,1,70
521,COOS,NH,33007,3,66
522,COOS,OR,41011,3,216
523,COPIAH,MS,28029,2,50
524,CORSON,SD,46031,1,12
525,CORTLAND,NY,36023,1,162
526,CORYELL,TX,48099,1,25
527,COSHOCTON,OH,39031,1,56
528,COTTONWOOD,MN,27033,2,26
529,COVINGTON,AL,01039,3,210
530,COVINGTON,MS,28031,1,35
531,COWETA,GA,13077,3,211
532,COWLEY,KS,20035,2,62
533,COWLITZ,WA,53015,2,-797
534,CRAIG,OK,40035,1,51
535,CRAIGHEAD,AR,05031,6,-1367
536,CRANE,TX,48103,1,25
537,CRAVEN,NC,37049,2,-649
538,CRAWFORD,AR,05033,1,103
539,CRAWFORD,IA,19047,1,25
540,CRAWFORD,IL,17033,1,63
541,CRAWFORD,KS,20037,2,146
542,CRAWFORD,MI,26039,1,71
543,CRAWFORD,MO,29055,1,35
544,CRAWFORD,OH,39033,2,75
545,CRAWFORD,PA,42039,2,289
546,CRAWFORD,WI,55023,2,50
547,CREEK,OK,40037,3,95
548,CRENSHAW,AL,01041,2,93
549,CRISP,GA,13081,1,73
550,CRITTENDEN,AR,05035,2,206
551,CRITTENDEN,KY,21055,1,48
552,CROOK,OR,41013,2,-974
553,CROOK,WY,56011,1,16
554,CROSBY,TX,48107,1,25
555,CROSS,AR,05037,1,25
556,CROW WING,MN,27035,2,212
557,CULBERSON,TX,48109,1,14
558,CULEBRA,PR,72049,1,-999
559,CULLMAN,AL,01043,2,185
560,CULPEPER,VA,51047,1,70
561,CUMBERLAND,KY,21057,1,25
562,CUMBERLAND,ME,23005,7,1039
563,CUMBERLAND,NC,37051,4,-1332
564,CUMBERLAND,NJ,34011,4,-488
565,CUMBERLAND,PA,42041,5,658
566,CUMBERLAND,TN,47035,1,189
567,CUMING,NE,31039,1,25
568,CURRY,NM,35009,1,106
569,CURRY,OR,41015,2,-975
570,CUSTER,MT,30017,1,90
571,CUSTER,NE,31041,2,35
572,CUSTER,OK,40039,2,81
573,CUSTER,SD,46033,1,11
574,CUYAHOGA,OH,39035,29,5371
575,DADE,GA,13083,1,13
576,DAKOTA,MN,27037,3,259
577,DALE,AL,01045,1,89
578,DALLAS,AL,01047,1,175
579,DALLAS,AR,05039,1,25
580,DALLAS,IA,19049,1,25
581,DALLAS,TX,48085,1,50
582,DALLAS,TX,48113,56,7000
583,DALLAS,TX,48121,1,60
584,DANE,WI,55025,8,634
585,DANIELS,MT,30019,1,54
586,DANVILLE,VA,51590,2,-749
587,DARE,NC,37055,1,21
588,DARKE,OH,39037,1,104
589,DARLINGTON,SC,45031,2,188
590,DAUPHIN,PA,42043,8,-2807
591,DAVIDSON,NC,37057,2,243
592,DAVIDSON,TN,47037,15,3490
593,DAVIE,NC,37059,2,131
594,DAVIESS,IN,18027,1,80
595,DAVIESS,KY,21059,2,527
596,DAVIS,IA,19051,1,25
597,DAVIS,UT,49011,5,-420
598,DAVISON,SD,46035,1,67
599,DAWES,NE,31045,1,25
600,DAWSON,MT,30021,1,96
601,DAWSON,NE,31047,3,58
602,DAWSON,TX,48115,1,22
603,DAY,SD,46037,1,25
604,DE SOTO,LA,22031,1,-999
605,DE WITT,IL,17039,1,25
606,DEAF SMITH,TX,48117,1,42
607,DEARBORN,IN,18029,2,104
608,DECATUR,GA,13087,1,80
609,DECATUR,IA,19053,1,25
610,DECATUR,IN,18031,1,25
611,DECATUR,TN,47039,1,40
612,DEER LODGE,MT,30023,2,261
613,DEFIANCE,OH,39039,2,74
614,DEKALB,AL,01049,1,134
615,DEKALB,GA,13089,15,1605
616,DEKALB,IL,17037,3,191
617,DEKALB,IN,18033,2,72
618,DEKALB,TN,47041,1,71
619,DELAWARE,IA,19055,1,25
620,DELAWARE,IN,18035,3,411
621,DELAWARE,NY,36025,4,67
622,DELAWARE,OH,39041,2,-939
623,DELAWARE,OK,40041,1,58
624,DELAWARE,PA,42045,8,-836
625,DELTA,CO,08029,1,49
626,DENT,MO,29065,1,55
627,DENTON,TX,48121,18,1516
628,DENVER,CO,08031,16,-571
629,DES MOINES,IA,19057,1,213
630,DESCHUTES,OR,41017,2,308
631,DESHA,AR,05041,2,50
632,DESOTO,FL,12027,1,49
633,DESOTO,MS,28033,3,514
634,DEUEL,SD,46039,1,10
635,DEWEY,OK,40043,1,18
636,DEWEY,SD,46041,1,11
637,DEWITT,TX,48123,1,49
638,DICKENSON,VA,51051,1,25
639,DICKEY,ND,38021,1,20
640,DICKINSON,IA,19059,1,49
641,DICKINSON,KS,20041,1,25
642,DICKINSON,MI,26043,2,-903
643,DICKSON,TN,47043,1,157
644,DILLINGHAM,AK,02070,1,14
645,DILLON,SC,45033,1,79
646,DIMMIT,TX,48127,1,48
647,DINWIDDIE,VA,51053,1,-999
648,DISTRICT OF COLUMBIA,DC,11001,14,2897
649,DODGE,GA,13091,1,94
650,DODGE,NE,31053,1,81
651,DODGE,WI,55027,3,245
652,DONA ANA,NM,35013,5,404
653,DOOLY,GA,13093,1,47
654,DOOR,WI,55029,1,25
655,DORCHESTER,MD,24019,3,409
656,DORCHESTER,SC,45035,2,104
657,DOUGHERTY,GA,13095,2,939
658,DOUGLAS,CO,08031,1,16
659,DOUGLAS,CO,08035,5,-1558
660,DOUGLAS,GA,13097,2,192
661,DOUGLAS,KS,20045,1,152
662,DOUGLAS,MN,27041,1,127
663,DOUGLAS,NE,31055,18,2069
664,DOUGLAS,NV,32005,2,-976
665,DOUGLAS,OR,41019,2,-983
666,DOUGLAS,SD,46043,1,11
667,DOUGLAS,WI,55031,1,25
668,DREW,AR,05043,1,49
669,DUBOIS,IN,18037,1,123
670,DUBUQUE,IA,19061,3,470
671,DUCHESNE,UT,49013,2,-875
672,DUKES,MA,25007,1,25
673,DUNDY,NE,31057,1,14
674,DUNKLIN,MO,29069,1,116
675,DUNN,WI,55033,1,25
676,DUPAGE,IL,17043,8,881
677,DUPLIN,NC,37061,1,101
678,DURHAM,NC,37063,6,-638
679,DUTCHESS,NY,36027,4,-323
680,DUVAL,FL,12031,14,3845
681,DYER,TN,47045,1,225
682,EAGLE,CO,08037,1,58
683,EARLY,GA,13099,1,25
684,EAST BATON ROUGE,LA,22033,22,-5485
685,EAST CARROLL,LA,22035,1,11
686,EAST FELICIANA,LA,22037,4,-493
687,EASTLAND,TX,48133,1,52
688,EATON,MI,26045,2,45
689,EAU CLAIRE,WI,55035,3,661
690,ECTOR,TX,48135,4,669
691,EDDY,NM,35015,2,161
692,EDGAR,IL,17045,1,25
693,EDGECOMBE,NC,37065,1,117
694,EDGEFIELD,SC,45037,1,25
695,EDMUNDS,SD,46045,1,12
696,EDWARDS,KS,20047,1,22
697,EFFINGHAM,GA,13103,2,-974
698,EFFINGHAM,IL,17049,1,146
699,EL DORADO,CA,06017,3,240
700,EL PASO,CO,08041,11,-1578
701,EL PASO,TX,48135,1,347
702,EL PASO,TX,48141,17,1467
703,ELBERT,GA,13105,1,52
704,ELK,PA,42047,1,80
705,ELKHART,IN,18039,3,406
706,ELKO,NV,32007,2,-949
707,ELLIS,KS,20051,1,172
708,ELLIS,OK,40045,1,79
709,ELLIS,TX,48139,3,233
710,ELLSWORTH,KS,20053,1,25
711,ELMORE,AL,01051,1,69
712,ELMORE,ID,16039,1,25
713,EMANUEL,GA,13107,1,72
714,EMMET,IA,19063,1,25
715,EMMET,MI,26047,1,178
716,EMMONS,ND,38029,1,14
717,EMPORIA,VA,51595,1,80
718,ERATH,TX,48143,1,98
719,ERIE,NY,36029,15,-1646
720,ERIE,OH,39043,2,424
721,ERIE,PA,42049,8,1188
722,ESCAMBIA,AL,01053,2,142
723,ESCAMBIA,FL,12033,8,311
724,ESSEX,MA,25009,16,-555
725,ESSEX,NJ,34013,13,3048
726,ESSEX,NY,36031,3,-959
727,ESSEX,VA,51057,1,67
728,ESTILL,KY,21065,1,25
729,ETOWAH,AL,01055,3,671
730,EVANGELINE,LA,22039,1,180
731,EVANS,GA,13109,1,49
732,FAIRBANKS NORTH STAR,AK,02090,3,-1781
733,FAIRFAX,VA,51059,8,709
734,FAIRFIELD,CT,09001,8,68
735,FAIRFIELD,OH,39045,2,255
736,FAJARDO,PR,72053,2,-961
737,FALL RIVER,SD,46047,3,-949
738,FALLON,MT,30025,1,40
739,FALLS,TX,48145,1,36
740,FANNIN,GA,13111,1,50
741,FANNIN,TX,48147,2,-974
742,FARIBAULT,MN,27043,1,43
743,FAULK,SD,46049,1,12
744,FAULKNER,AR,05045,3,-827
745,FAUQUIER,VA,51061,1,97
746,FAYETTE,AL,01057,1,61
747,FAYETTE,GA,13113,1,157
748,FAYETTE,IA,19065,2,50
749,FAYETTE,IL,17051,1,110
750,FAYETTE,IN,18041,1,99
751,FAYETTE,KY,21067,9,-102
752,FAYETTE,OH,39047,1,25
753,FAYETTE,PA,42051,2,283
754,FAYETTE,TN,47047,1,10
755,FAYETTE,TX,48149,1,65
756,FAYETTE,WV,54019,2,94
757,FENTRESS,TN,47049,1,85
758,FERGUS,MT,30027,1,90
759,FERRY,WA,53019,1,25
760,FILLMORE,NE,31059,1,20
761,FINNEY,KS,20055,1,132
762,FISHER,TX,48151,1,14
763,FLAGLER,FL,12035,1,99
764,FLATHEAD,MT,30029,2,206
765,FLEMING,KY,21069,1,52
766,FLORENCE,SC,45041,7,1025
767,FLOYD,GA,13115,4,626
768,FLOYD,IA,19067,1,25
769,FLOYD,IN,18043,3,297
770,FLOYD,KY,21071,3,251
771,FLOYD,TX,48153,1,25
772,FOND DU LAC,WI,55039,4,214
773,FORD,IL,17053,1,67
774,FORD,KS,20057,1,99
775,FORREST,MS,28035,2,545
776,FORSYTH,GA,13117,1,187
777,FORSYTH,NC,37067,6,-143
778,FORT BEND,TX,48157,11,1037
779,FOSTER,ND,38031,1,25
780,FRANKLIN,AL,01059,2,125
781,FRANKLIN,AR,05047,1,-999
782,FRANKLIN,FL,12037,1,25
783,FRANKLIN,GA,13119,3,271
784,FRANKLIN,IA,19069,1,25
785,FRANKLIN,ID,16041,1,20
786,FRANKLIN,IL,17055,1,25
787,FRANKLIN,KS,20059,1,44
788,FRANKLIN,KY,21073,1,173
789,FRANKLIN,LA,22041,1,43
790,FRANKLIN,MA,25011,1,89
791,FRANKLIN,ME,23007,1,65
792,FRANKLIN,MO,29071,1,148
793,FRANKLIN,NC,37069,1,83
794,FRANKLIN,NE,31061,1,14
795,FRANKLIN,NY,36033,3,-826
796,FRANKLIN,OH,39049,24,4378
797,FRANKLIN,PA,42055,3,416
798,FRANKLIN,TN,47051,2,174
799,FRANKLIN,TX,48159,1,49
800,FRANKLIN,VA,51067,1,37
801,FRANKLIN,VT,50011,1,70
802,FRANKLIN,WA,53021,1,106
803,FRANKLIN CITY,VA,51620,1,90
804,FREDERICK,MD,24021,1,308
805,FREDERICKSBURG,VA,51630,2,472
806,FREEBORN,MN,27047,1,159
807,FREESTONE,TX,48161,1,37
808,FREMONT,CO,08043,1,25
809,FREMONT,IA,19071,1,25
810,FREMONT,WY,56013,2,248
811,FRESNO,CA,06019,15,2552
812,FRIO,TX,48163,2,40
813,FULTON,AR,05049,1,25
814,FULTON,GA,13121,19,3903
815,FULTON,IL,17057,1,93
816,FULTON,IN,18049,1,25
817,FULTON,KY,21075,1,70
818,FULTON,NY,36035,1,74
819,FULTON,OH,39051,1,117
820,FULTON,PA,42057,1,21
821,FURNAS,NE,31065,1,20
822,GADSDEN,FL,12039,2,1253
823,GAGE,NE,31067,2,50
824,GALAX,VA,51640,1,141
825,GALLATIN,MT,30031,2,90
826,GALLIA,OH,39053,1,287
827,GALVESTON,TX,48167,4,711
828,GARDEN,NE,31069,1,10
829,GARFIELD,CO,08045,2,119
830,GARFIELD,MT,30033,1,24
831,GARFIELD,OK,40047,2,207
832,GARFIELD,UT,49017,1,41
833,GARFIELD,WA,53023,1,45
834,GARLAND,AR,05051,6,646
835,GARRARD,KY,21079,1,15
836,GARRETT,MD,24023,1,55
837,GARVIN,OK,40049,2,90
838,GASCONADE,MO,29073,1,24
839,GASTON,NC,37071,2,475
840,GEARY,KS,20061,2,-907
841,GEAUGA,OH,39055,2,281
842,GEM,ID,16045,1,16
843,GENESEE,MI,26049,4,1169
844,GENESEE,NY,36037,3,-868
845,GENEVA,AL,01061,1,83
846,GEORGE,MS,28039,1,48
847,GEORGETOWN,SC,45043,2,298
848,GIBSON,IN,18051,1,25
849,GIBSON,TN,47053,1,70
850,GILA,AZ,04007,4,-1929
851,GILES,TN,47055,1,95
852,GILES,VA,51071,2,50
853,GILLESPIE,TX,48171,1,86
854,GILMER,GA,13123,1,50
855,GLACIER,MT,30035,2,-986
856,GLADWIN,MI,26051,1,25
857,GLENN,CA,06021,1,47
858,GLOUCESTER,NJ,34015,3,609
859,GLOUCESTER,VA,51073,1,67
860,GLYNN,GA,13127,2,401
861,GOGEBIC,MI,26053,1,25
862,GOODHUE,MN,27049,3,83
863,GOODING,ID,16047,1,18
864,GORDON,GA,13129,1,80
865,GOSHEN,WY,56015,1,-999
866,GOVE,KS,20063,1,70
867,GRADY,GA,13131,1,60
868,GRAFTON,NH,33009,5,496
869,GRAHAM,AZ,04009,1,49
870,GRAHAM,KS,20065,1,25
871,GRAND,CO,08049,2,44
872,GRAND,UT,49019,1,19
873,GRAND FORKS,ND,38035,5,641
874,GRAND TRAVERSE,MI,26055,1,377
875,GRANITE,MT,30039,1,9
876,GRANT,IN,18053,2,-983
877,GRANT,KS,20067,1,26
878,GRANT,KY,21081,1,25
879,GRANT,MN,27051,1,10
880,GRANT,ND,38037,1,30
881,GRANT,NM,35017,1,71
882,GRANT,SD,46051,1,25
883,GRANT,WA,53025,4,186
884,GRANT,WI,55043,4,85
885,GRANT,WV,54023,1,61
886,GRANVILLE,NC,37077,1,142
887,GRATIOT,MI,26057,1,67
888,GRAVES,KY,21083,1,107
889,GRAY,TX,48179,1,115
890,GRAYS HARBOR,WA,53027,4,-845
891,GRAYSON,KY,21085,1,75
892,GRAYSON,TX,48181,8,602
893,GREELEY,KS,20071,1,50
894,GREEN,KY,21087,1,35
895,GREEN,WI,55045,1,95
896,GREEN LAKE,WI,55047,1,25
897,GREENBRIER,WV,54025,1,122
898,GREENE,AR,05055,1,129
899,GREENE,GA,13133,1,49
900,GREENE,IA,19073,1,25
901,GREENE,IL,17061,1,286
902,GREENE,IN,18055,1,25
903,GREENE,MO,29077,9,1402
904,GREENE,MS,28041,1,7
905,GREENE,OH,39057,3,-823
906,GREENE,PA,42059,1,77
907,GREENE,TN,47059,2,240
908,GREENUP,KY,21089,1,190
909,GREENVILLE,SC,45045,12,1760
910,GREENWOOD,KS,20073,1,25
911,GREENWOOD,SC,45047,2,400
912,GREER,OK,40055,1,25
913,GREGG,TX,48183,6,846
914,GREGORY,SD,46053,1,25
915,GRENADA,MS,28043,1,156
916,GRIGGS,ND,38039,1,18
917,GRIMES,TX,48185,1,25
918,GRUNDY,IA,19075,1,80
919,GRUNDY,IL,17063,1,89
920,GRUNDY,MO,29079,1,25
921,GUADALUPE,NM,35019,1,10
922,GUADALUPE,TX,48187,1,125
923,GUAM,GU,NOT AVAILABLE,3,-1840
924,GUAYAMA,PR,72057,2,201
925,GUERNSEY,OH,39059,2,255
926,GUILFORD,NC,37081,7,1833
927,GULF,FL,12045,1,19
928,GUNNISON,CO,08051,1,24
929,GUTHRIE,IA,19077,1,25
930,GWINNETT,GA,13135,6,-152
931,HAAKON,SD,46055,1,18
932,HABERSHAM,GA,13137,1,53
933,HALE,AL,01065,1,39
934,HALE,TX,48189,2,88
935,HALIFAX,NC,37083,2,306
936,HALIFAX,VA,51083,1,192
937,HALL,GA,13139,2,-442
938,HALL,NE,31079,2,-840
939,HAMBLEN,TN,47063,2,278
940,HAMILTON,IA,19079,1,25
941,HAMILTON,IL,17065,1,25
942,HAMILTON,IN,18057,6,577
943,HAMILTON,KS,20075,1,69
944,HAMILTON,OH,36091,1,-999
945,HAMILTON,OH,39061,23,634
946,HAMILTON,TN,47065,13,1889
947,HAMILTON,TX,48193,1,42
948,HAMPDEN,MA,25013,10,1773
949,HAMPSHIRE,MA,25015,4,-1833
950,HAMPSHIRE,WV,54027,1,44
951,HAMPTON,SC,45049,1,32
952,HAMPTON,VA,51650,3,812
953,HANCOCK,IA,19081,1,25
954,HANCOCK,IL,17067,1,18
955,HANCOCK,IN,18059,1,68
956,HANCOCK,ME,23009,4,-885
957,HANCOCK,MS,28045,1,102
958,HANCOCK,OH,39063,1,176
959,HANCOCK,TN,47067,1,10
960,HAND,SD,46059,1,11
961,HANOVER,VA,51085,2,265
962,HANSFORD,TX,48195,1,25
963,HARALSON,GA,13143,1,25
964,HARDEE,FL,12049,1,25
965,HARDEMAN,TN,47069,1,51
966,HARDEMAN,TX,48197,2,45
967,HARDIN,IA,19083,2,58
968,HARDIN,IL,17069,1,25
969,HARDIN,KY,21093,3,-819
970,HARDIN,OH,39065,1,25
971,HARDIN,TN,47071,1,58
972,HARDIN,TX,48199,1,-999
973,HARFORD,MD,24025,2,255
974,HARLAN,KY,21095,1,150
975,HARLAN,NE,31083,1,19
976,HARMON,OK,40057,1,25
977,HARNETT,NC,37085,2,167
978,HARNEY,OR,41025,1,22
979,HARPER,KS,20077,2,50
980,HARPER,OK,40059,1,25
981,HARRIS,TX,48021,13,830
982,HARRIS,TX,48201,92,11960
983,HARRIS,TX,48339,2,383
984,HARRISON,IA,19085,1,25
985,HARRISON,IN,18061,1,25
986,HARRISON,KY,21097,1,61
987,HARRISON,MO,29081,1,19
988,HARRISON,MS,28047,6,-132
989,HARRISON,OH,39067,1,25
990,HARRISON,TX,48203,1,149
991,HARRISON,WV,54033,3,-1706
992,HARRISONBURG,VA,51660,1,270
993,HART,GA,13147,1,82
994,HART,KY,21099,1,25
995,HARTFORD,CT,09003,12,-17
996,HARTLEY,TX,48205,1,21
997,HARVEY,KS,20079,2,141
998,HASKELL,KS,20081,1,13
999,HASKELL,OK,40061,1,25
1000,HASKELL,TX,48207,1,25
1001,HAWAII,HI,15001,6,504
1002,HAWKINS,TN,47073,1,50
1003,HAYS,TX,48209,4,354
1004,HAYWOOD,NC,37087,1,190
1005,HAYWOOD,TN,47075,1,36
1006,HEMPHILL,TX,48211,1,26
1007,HEMPSTEAD,AR,05057,1,79
1008,HENDERSON,NC,37089,2,325
1009,HENDERSON,TN,47077,1,45
1010,HENDERSON,TX,48213,1,117
1011,HENDRICKS,IN,18063,2,287
1012,HENDRY,FL,12051,1,25
1013,HENNEPIN,MN,27053,11,3629
1014,HENRICO,VA,51087,5,1031
1015,HENRY,GA,13151,2,265
1016,HENRY,IA,19087,1,74
1017,HENRY,IL,17073,2,86
1018,HENRY,IN,18065,1,90
1019,HENRY,MO,29083,2,97
1020,HENRY,OH,39069,1,31
1021,HENRY,TN,47079,1,142
1022,HERKIMER,NY,36043,1,25
1023,HERNANDO,FL,12053,5,620
1024,HERTFORD,NC,37091,1,114
1025,HICKMAN,TN,47081,1,25
1026,HIDALGO,TX,48215,17,1387
1027,HIGHLAND,OH,39071,2,70
1028,HIGHLANDS,FL,12055,2,197
1029,HILL,MT,30041,1,49
1030,HILL,TX,48217,2,165
1031,HILLSBOROUGH,FL,12057,21,1860
1032,HILLSBOROUGH,NH,33011,9,-1062
1033,HILLSDALE,MI,26059,1,65
1034,HINDS,MS,28049,9,1464
1035,HOCKING,OH,39073,1,30
1036,HOCKLEY,TX,48219,1,48
1037,HODGEMAN,KS,20083,1,38
1038,HOKE,NC,37093,2,49
1039,HOLMES,MS,28051,1,25
1040,HOLMES,OH,39075,1,69
1041,HOLT,NE,31089,2,43
1042,HONOLULU,HI,15003,17,1460
1043,HOOD,TX,48221,1,83
1044,HOOD RIVER,OR,41027,1,25
1045,HOPEWELL,VA,51670,1,147
1046,HOPKINS,KY,21107,1,390
1047,HOPKINS,TX,48223,1,96
1048,HORRY,SC,45051,5,753
1049,HOT SPRING,AR,05059,2,100
1050,HOT SPRINGS,WY,56017,2,-974
1051,HOUGHTON,MI,26061,2,61
1052,HOUSTON,AL,01069,5,782
1053,HOUSTON,GA,13153,2,276
1054,HOUSTON,TN,47083,1,25
1055,HOUSTON,TX,48225,1,25
1056,HOWARD,AR,05061,1,-999
1057,HOWARD,IA,19089,1,19
1058,HOWARD,IN,18067,3,254
1059,HOWARD,MD,24027,3,581
1060,HOWARD,NE,31093,1,25
1061,HOWARD,TX,48227,3,-649
1062,HOWELL,MO,29091,2,139
1063,HUBBARD,MN,27057,1,50
1064,HUDSON,NJ,34017,8,879
1065,HUERFANO,CO,08055,1,20
1066,HUGHES,OK,40063,1,25
1067,HUGHES,SD,46065,1,50
1068,HUMACAO,PR,72069,3,-1771
1069,HUMBOLDT,CA,06023,6,299
1070,HUMBOLDT,IA,19091,1,49
1071,HUMBOLDT,NV,32013,1,52
1072,HUMPHREYS,MS,28053,1,34
1073,HUMPHREYS,TN,47085,1,25
1074,HUNT,TX,48231,3,271
1075,HUNTERDON,NJ,34019,1,184
1076,HUNTINGDON,PA,42061,1,100
1077,HUNTINGTON,IN,18069,1,36
1078,HURON,MI,26063,3,88
1079,HURON,OH,39077,2,139
1080,HUTCHINSON,SD,46067,2,50
1081,HUTCHINSON,TX,48233,1,25
1082,IBERIA,LA,22045,3,211
1083,IBERVILLE,LA,22047,1,-999
1084,IDA,IA,19093,1,25
1085,IDAHO,ID,16049,2,41
1086,IMPERIAL,CA,06025,2,268
1087,INDEPENDENCE,AR,05063,1,199
1088,INDIAN RIVER,FL,12061,4,612
1089,INDIANA,PA,42063,1,164
1090,INGHAM,MI,26065,5,1093
1091,INYO,CA,06027,2,62
1092,IONIA,MI,26067,2,47
1093,IOSCO,MI,26069,1,49
1094,IOWA,IA,19095,1,25
1095,IOWA,WI,55049,1,25
1096,IREDELL,NC,37097,3,501
1097,IRON,MI,26071,1,25
1098,IRON,MO,29093,1,15
1099,IRON,UT,49021,1,48
1100,IROQUOIS,IL,17075,1,84
1101,IRWIN,GA,13155,1,34
1102,ISABELLA,MI,26073,1,118
1103,ISANTI,MN,27059,1,86
1104,ISLAND,WA,53029,2,76
1105,ITASCA,MN,27061,3,106
1106,IZARD,AR,05065,1,25
1107,JACK,TX,48237,1,17
1108,JACKSON,AL,01071,1,170
1109,JACKSON,AR,05067,1,133
1110,JACKSON,FL,12063,2,87
1111,JACKSON,GA,13157,1,257
1112,JACKSON,IA,19097,1,25
1113,JACKSON,IL,17077,2,184
1114,JACKSON,IN,18071,1,93
1115,JACKSON,KS,20085,1,12
1116,JACKSON,LA,22049,1,25
1117,JACKSON,MI,26075,2,389
1118,JACKSON,MN,27063,1,20
1119,JACKSON,MO,29095,18,2792
1120,JACKSON,MS,28059,2,571
1121,JACKSON,NC,37099,1,86
1122,JACKSON,OH,39079,1,24
1123,JACKSON,OK,40065,1,49
1124,JACKSON,OR,41029,3,545
1125,JACKSON,TN,47087,1,-999
1126,JACKSON,WI,55053,1,25
1127,JACKSON,WV,54035,1,46
1128,JAMES CITY,VA,51095,2,-942
1129,JASPER,GA,13159,1,17
1130,JASPER,IA,19099,1,68
1131,JASPER,IN,18073,1,46
1132,JASPER,MO,29097,1,25
1133,JASPER,MS,28061,1,16
1134,JASPER,SC,45053,1,41
1135,JASPER,TX,48241,1,59
1136,JAY,IN,18075,1,35
1137,JEFF DAVIS,GA,13161,1,25
1138,JEFFERSON,AL,01073,14,3927
1139,JEFFERSON,AR,05069,2,498
1140,JEFFERSON,CO,08059,3,764
1141,JEFFERSON,GA,13163,1,37
1142,JEFFERSON,IA,19101,1,25
1143,JEFFERSON,IL,17081,3,-812
1144,JEFFERSON,IN,18077,3,299
1145,JEFFERSON,KS,20087,1,74
1146,JEFFERSON,KY,21111,16,3604
1147,JEFFERSON,LA,22051,17,-6364
1148,JEFFERSON,MO,29099,1,251
1149,JEFFERSON,MS,28063,1,30
1150,JEFFERSON,NE,31095,1,17
1151,JEFFERSON,NY,36045,3,344
1152,JEFFERSON,OH,39081,4,560
1153,JEFFERSON,OR,41031,1,-999
1154,JEFFERSON,PA,42065,2,84
1155,JEFFERSON,TN,47089,1,54
1156,JEFFERSON,TX,48245,14,1699
1157,JEFFERSON,WA,53031,1,25
1158,JEFFERSON,WI,55055,1,82
1159,JEFFERSON,WV,54037,1,25
1160,JEFFERSON DAVIS,LA,22053,4,-903
1161,JEFFERSON DAVIS,MS,28065,1,35
1162,JENKINS,GA,13165,1,25
1163,JENNINGS,IN,18079,1,17
1164,JERAULD,SD,46073,1,16
1165,JEROME,ID,16053,1,25
1166,JERSEY,IL,17083,1,49
1167,JEWELL,KS,20089,1,25
1168,JIM WELLS,TX,48249,1,159
1169,JO DAVIESS,IL,17085,1,25
1170,JOHNSON,AR,05071,1,80
1171,JOHNSON,IA,19103,4,384
1172,JOHNSON,IN,18081,3,275
1173,JOHNSON,KS,20091,17,612
1174,JOHNSON,KY,21115,1,72
1175,JOHNSON,MO,29101,1,75
1176,JOHNSON,NE,31097,1,18
1177,JOHNSON,TN,47091,1,-999
1178,JOHNSON,TX,48251,1,137
1179,JOHNSON,WY,56019,1,25
1180,JOHNSTON,NC,37101,1,199
1181,JOHNSTON,OK,40069,1,25
1182,JONES,IA,19105,2,60
1183,JONES,MS,28067,1,285
1184,JONES,TX,48253,3,95
1185,JOSEPHINE,OR,41033,1,125
1186,JUAB,UT,49023,1,25
1187,JUNEAU,AK,02110,1,-999
1188,JUNEAU,WI,55057,1,40
1189,KALAMAZOO,MI,26077,2,821
1190,KALKASKA,MI,26079,1,8
1191,KANABEC,MN,27065,1,49
1192,KANAWHA,WV,54039,6,-2408
1193,KANDIYOHI,MN,27067,1,136
1194,KANE,IL,17089,4,917
1195,KANE,UT,49025,1,-999
1196,KANKAKEE,IL,17091,2,468
1197,KARNES,TX,48255,1,25
1198,KAUAI,HI,15007,2,144
1199,KAUFMAN,TX,48257,3,-592
1200,KAY,OK,40071,2,193
1201,KEARNEY,NE,31099,1,10
1202,KEARNY,KS,20093,1,25
1203,KEITH,NE,31101,1,18
1204,KEMPER,MS,28067,1,25
1205,KENAI PENINSULA,AK,02122,3,204
1206,KENNEBEC,ME,23011,7,-1371
1207,KENOSHA,WI,55059,3,517
1208,KENT,DE,10001,2,288
1209,KENT,MD,24029,1,26
1210,KENT,MI,26081,8,1860
1211,KENT,RI,44003,1,359
1212,KENTON,KY,21117,4,728
1213,KEOKUK,IA,19107,1,25
1214,KERN,CA,06029,15,1833
1215,KERR,TX,48265,3,-673
1216,KERSHAW,SC,45055,1,121
1217,KETCHIKAN GATEWAY,AK,02130,1,54
1218,KIMBALL,NE,31105,1,12
1219,KIMBLE,TX,48267,1,15
1220,KING,WA,53033,30,438
1221,KINGFISHER,OK,40073,1,25
1222,KINGMAN,KS,20095,1,25
1223,KINGS,CA,06031,3,-918
1224,KINGS,NY,36047,18,3169
1225,KINGSBURY,SD,46077,1,6
1226,KIOWA,CO,08061,1,42
1227,KIOWA,KS,20097,1,15
1228,KIOWA,OK,40075,1,38
1229,KIT CARSON,CO,08063,1,19
1230,KITSAP,WA,53035,4,-618
1231,KITTITAS,WA,53037,1,25
1232,KITTSON,MN,27069,1,15
1233,KLAMATH,OR,41035,1,98
1234,KLEBERG,TX,48273,1,100
1235,KLICKITAT,WA,53039,2,42
1236,KNOX,IL,17095,2,209
1237,KNOX,KY,21121,1,25
1238,KNOX,ME,23013,1,109
1239,KNOX,NE,31107,1,23
1240,KNOX,OH,39083,1,111
1241,KNOX,TN,47093,13,-842
1242,KNOX,TX,48275,1,28
1243,KODIAK ISLAND,AK,02150,1,25
1244,KOOCHICHING,MN,27071,1,49
1245,KOOTENAI,ID,16055,4,396
1246,KOSCIUSKO,IN,18085,2,88
1247,KOSSUTH,IA,19109,1,25
1248,LA CROSSE,WI,55063,2,656
1249,LA PAZ,AZ,04012,2,-974
1250,LA PLATA,CO,08067,2,94
1251,LA SALLE,IL,17099,4,-755
1252,LA SALLE,LA,22059,2,84
1253,LABETTE,KS,20099,3,-932
1254,LAC QUI PARLE,MN,27073,1,20
1255,LACKAWANNA,PA,42069,5,1079
1256,LACLEDE,MO,29105,1,58
1257,LAFAYETTE,LA,22055,17,-2876
1258,LAFAYETTE,MO,29107,1,32
1259,LAFAYETTE,MS,28071,1,217
1260,LAFAYETTE,WI,55065,1,25
1261,LAFOURCHE,LA,22057,3,203
1262,LAGRANGE,IN,18087,1,25
1263,LAKE,CA,06033,2,62
1264,LAKE,CO,08065,1,25
1265,LAKE,FL,12069,5,897
1266,LAKE,IL,17097,8,-1030
1267,LAKE,IN,18089,14,1148
1268,LAKE,MN,27075,1,25
1269,LAKE,MT,30047,2,-894
1270,LAKE,OH,39085,3,561
1271,LAKE,OR,41037,1,71
1272,LAKE,SD,46079,2,47
1273,LAKE OF THE WOODS,MN,27077,1,15
1274,LAMAR,MS,28073,2,261
1275,LAMAR,TX,48277,3,393
1276,LAMB,TX,48279,1,75
1277,LAMOILLE,VT,50015,1,25
1278,LAMPASAS,TX,48281,1,25
1279,LANCASTER,NE,31109,7,980
1280,LANCASTER,PA,42071,5,1191
1281,LANCASTER,SC,15057,1,42
1282,LANCASTER,SC,45057,1,211
1283,LANCASTER,VA,51103,1,76
1284,LANDER,NV,32015,1,7
1285,LANE,KS,20101,1,17
1286,LANE,OR,41039,6,-1467
1287,LANGLADE,WI,55067,1,25
1288,LANIER,GA,13173,1,25
1289,LAPEER,MI,26087,1,183
1290,LAPORTE,IN,18091,2,377
1291,LARAMIE,WY,56021,2,-793
1292,LARES,PR,72081,1,24
1293,LARIMER,CO,08069,8,725
1294,LAS ANIMAS,CO,08071,1,25
1295,LASSEN,CA,06035,1,38
1296,LATAH,ID,16057,1,25
1297,LATIMER,OK,40077,2,-966
1298,LAUDERDALE,AL,01077,1,358
1299,LAUDERDALE,MS,28075,7,988
1300,LAUDERDALE,TN,47097,1,25
1301,LAUREL,KY,21125,1,150
1302,LAURENS,GA,13175,2,368
1303,LAURENS,SC,45059,1,76
1304,LAVACA,TX,48285,2,50
1305,LAWRENCE,AL,01079,1,98
1306,LAWRENCE,IL,17101,1,25
1307,LAWRENCE,IN,18093,2,50
1308,LAWRENCE,KY,21127,1,90
1309,LAWRENCE,MO,29109,2,132
1310,LAWRENCE,MS,28077,1,25
1311,LAWRENCE,OH,39087,1,8
1312,LAWRENCE,PA,42073,2,316
1313,LAWRENCE,SD,46081,3,66
1314,LAWRENCE,TN,47099,1,90
1315,LE FLORE,OK,40079,1,43
1316,LE SUEUR,MN,27079,1,15
1317,LEA,NM,35025,2,211
1318,LEAKE,MS,28079,1,25
1319,LEAVENWORTH,KS,20103,3,-869
1320,LEBANON,PA,42075,3,484
1321,LEE,AL,01081,1,314
1322,LEE,FL,12071,7,2240
1323,LEE,IA,19111,2,121
1324,LEE,IL,17103,1,80
1325,LEE,MS,28081,2,700
1326,LEE,NC,37105,1,127
1327,LEE,SC,45061,1,20
1328,LEE,VA,51105,1,70
1329,LEFLORE,MS,28083,2,248
1330,LEHIGH,PA,42077,10,938
1331,LEMHI,ID,16059,1,18
1332,LENAWEE,MI,26091,2,113
1333,LENOIR,NC,37107,1,261
1334,LEON,FL,12073,5,1208
1335,LESLIE,KY,21131,1,25
1336,LETCHER,KY,21133,1,90
1337,LEVY,FL,12075,1,40
1338,LEWIS,NY,36049,1,31
1339,LEWIS,WA,53041,2,125
1340,LEWIS,WV,54041,2,220
1341,LEWIS AND CLARK,MT,30049,3,-856
1342,LEXINGTON,SC,45063,3,556
1343,LEXINGTON,VA,51678,1,25
1344,LIBERTY,GA,13179,2,-974
1345,LIBERTY,MT,30051,1,25
1346,LIBERTY,TX,48291,3,136
1347,LICKING,OH,39089,4,-737
1348,LIMESTONE,AL,01083,2,102
1349,LIMESTONE,TX,48293,2,79
1350,LINCOLN,CO,08073,1,50
1351,LINCOLN,KS,20105,1,14
1352,LINCOLN,KY,21137,1,25
1353,LINCOLN,LA,22061,5,-1839
1354,LINCOLN,ME,23015,2,84
1355,LINCOLN,MN,27081,2,44
1356,LINCOLN,MO,29113,1,25
1357,LINCOLN,MS,28085,1,99
1358,LINCOLN,MT,30053,1,25
1359,LINCOLN,NC,37109,1,101
1360,LINCOLN,NM,35027,1,25
1361,LINCOLN,NV,32017,1,20
1362,LINCOLN,OK,40081,2,50
1363,LINCOLN,OR,41041,2,50
1364,LINCOLN,SD,46083,5,-1880
1365,LINCOLN,TN,47103,1,59
1366,LINCOLN,WA,53043,2,85
1367,LINCOLN,WI,55069,2,43
1368,LINCOLN,WY,56023,2,38
1369,LINN,IA,19111,1,24
1370,LINN,IA,19113,2,994
1371,LINN,MO,29115,1,54
1372,LINN,OR,41043,2,98
1373,LITCHFIELD,CT,09005,3,272
1374,LITTLE RIVER,AR,05081,1,25
1375,LIVINGSTON,IL,17105,1,42
1376,LIVINGSTON,KY,21139,1,25
1377,LIVINGSTON,LA,22063,1,59
1378,LIVINGSTON,MI,26093,2,177
1379,LIVINGSTON,MO,29117,1,25
1380,LIVINGSTON,NY,36051,1,67
1381,LLANO,TX,48299,1,30
1382,LOGAN,AR,05083,2,41
1383,LOGAN,CO,08075,1,25
1384,LOGAN,IL,17107,1,25
1385,LOGAN,KS,20109,1,71
1386,LOGAN,KY,21141,1,75
1387,LOGAN,OH,39091,1,115
1388,LOGAN,OK,40083,1,25
1389,LOGAN,WV,54045,1,140
1390,LORAIN,OH,39093,7,-2495
1391,LOS ALAMOS,NM,35028,1,47
1392,LOS ANGELES,CA,06037,130,25991
1393,LOUDON,TN,47105,1,50
1394,LOUDOUN,VA,51107,4,462
1395,LOVE,OK,40085,1,25
1396,LOWNDES,GA,13185,3,475
1397,LOWNDES,MS,28087,1,315
1398,LUBBOCK,TX,48303,8,-373
1399,LUCAS,IA,19117,1,25
1400,LUCAS,OH,39095,14,1359
1401,LUCE,MI,26095,1,25
1402,LUMPKIN,GA,13187,1,49
1403,LUNA,NM,35029,1,25
1404,LUZERNE,PA,42079,8,1247
1405,LYCOMING,PA,42081,4,302
1406,LYNCHBURG,VA,51680,3,738
1407,LYNN,TX,48305,1,24
1408,LYON,IA,19119,1,25
1409,LYON,KS,20111,1,59
1410,LYON,MN,27083,2,74
1411,LYON,NV,32019,3,-1935
1412,MACKINAC,MI,26097,1,15
1413,MACOMB,MI,26099,7,323
1414,MACON,AL,01087,1,-999
1415,MACON,GA,13193,1,49
1416,MACON,IL,17115,1,188
1417,MACON,MO,29121,1,25
1418,MACON,NC,37113,2,83
1419,MACON,TN,47111,1,25
1420,MACOUPIN,IL,17117,1,25
1421,MADERA,CA,06039,2,462
1422,MADISON,AL,01089,7,-820
1423,MADISON,FL,12079,1,25
1424,MADISON,IA,19121,1,25
1425,MADISON,ID,16065,1,69
1426,MADISON,IL,17119,6,-1055
1427,MADISON,IN,18095,5,402
1428,MADISON,KY,21151,2,130
1429,MADISON,LA,22065,1,25
1430,MADISON,MO,29123,1,144
1431,MADISON,MS,28089,2,134
1432,MADISON,MT,30057,2,20
1433,MADISON,NE,31119,3,281
1434,MADISON,NY,36053,1,101
1435,MADISON,OH,39097,1,94
1436,MADISON,TN,47113,3,835
1437,MADISON,TX,48313,1,25
1438,MAHASKA,IA,19123,1,33
1439,MAHNOMEN,MN,27087,1,18
1440,MAHONING,OH,39099,9,98
1441,MAJOR,OK,40093,1,25
1442,MALHEUR,OR,41045,1,49
1443,MANASSAS,VA,51683,1,130
1444,MANATEE,FL,12081,5,806
1445,MANATI,PR,72091,4,-2847
1446,MANISTEE,MI,26101,1,45
1447,MANITOWOC,WI,55071,2,236
1448,MAOPUTASI,AS,NOT AVAILABLE,1,-999
1449,MARATHON,WI,55073,3,440
1450,MARENGO,AL,01091,1,99
1451,MARICOPA,AZ,04013,72,-7338
1452,MARIN,CA,06041,4,458
1453,MARINETTE,WI,55075,1,99
1454,MARION,AL,01093,1,49
1455,MARION,FL,12083,7,919
1456,MARION,IA,19125,3,-949
1457,MARION,IL,17121,1,22
1458,MARION,IN,18097,23,-2354
1459,MARION,KS,20115,2,52
1460,MARION,KY,21155,1,75
1461,MARION,MO,29127,1,99
1462,MARION,OH,39101,1,270
1463,MARION,OR,41047,4,496
1464,MARION,SC,45067,1,124
1465,MARION,TN,47115,1,68
1466,MARION,WV,54049,1,207
1467,MARIPOSA,CA,06043,1,34
1468,MARLBORO,SC,45069,1,94
1469,MARQUETTE,MI,26103,2,289
1470,MARSHALL,AL,01095,2,240
1471,MARSHALL,IA,19127,1,125
1472,MARSHALL,IN,18099,4,160
1473,MARSHALL,KS,20117,1,25
1474,MARSHALL,KY,21157,1,25
1475,MARSHALL,MN,27089,1,12
1476,MARSHALL,MS,28093,1,40
1477,MARSHALL,OK,40095,1,25
1478,MARSHALL,SD,46091,1,20
1479,MARSHALL,TN,47117,1,25
1480,MARSHALL,WV,54051,1,127
1481,MARTIN,FL,12085,5,558
1482,MARTIN,MN,27091,1,57
1483,MARTIN,NC,37117,1,49
1484,MARTIN,TX,48317,1,18
1485,MARTINSVILLE,VA,51690,1,223
1486,MASON,IL,17125,1,20
1487,MASON,KY,21161,1,100
1488,MASON,MI,26105,1,49
1489,MASON,WA,53045,1,25
1490,MASON,WV,54053,1,201
1491,MASSAC,IL,17127,1,25
1492,MATAGORDA,TX,48321,2,75
1493,MATANUSKA-SUSITNA,AK,02170,1,74
1494,MAUI,HI,15009,4,258
1495,MAURY,TN,47119,1,255
1496,MAVERICK,TX,48323,1,101
1497,MAYAGUEZ,PR,72097,6,-2556
1498,MAYES,OK,40097,1,52
1499,MCCLAIN,OK,40087,1,39
1500,MCCONE,MT,30055,1,25
1501,MCCRACKEN,KY,21145,2,708
1502,MCCULLOCH,TX,48307,1,25
1503,MCCURTAIN,OK,40089,1,91
1504,MCDONOUGH,IL,17109,1,95
1505,MCDOWELL,NC,37111,1,65
1506,MCDOWELL,WV,54047,1,124
1507,MCDUFFIE,GA,13189,2,72
1508,MCHENRY,IL,17111,3,343
1509,MCINTOSH,ND,38051,2,44
1510,MCINTOSH,OK,40091,1,10
1511,MCKEAN,PA,42083,2,138
1512,MCKENZIE,ND,38053,1,24
1513,MCKINLEY,NM,35031,4,228
1514,MCLEAN,IL,17113,2,-799
1515,MCLEAN,ND,38055,2,47
1516,MCLENNAN,TX,48309,5,-1137
1517,MCLEOD,MN,27085,2,115
1518,MCMINN,TN,47107,2,262
1519,MCNAIRY,TN,47109,1,45
1520,MCPHERSON,KS,20113,2,66
1521,MCPHERSON,SD,46089,1,6
1522,MEADE,KS,20119,1,20
1523,MEADE,SD,46093,2,-974
1524,MEAGHER,MT,30059,1,25
1525,MECKLENBURG,NC,37119,13,2949
1526,MECKLENBURG,VA,51117,1,99
1527,MECOSTA,MI,26107,1,69
1528,MEDINA,OH,39103,3,241
1529,MEDINA,TX,48325,1,25
1530,MEEKER,MN,27093,1,35
1531,MENDOCINO,CA,06045,3,141
1532,MERCED,CA,06047,3,246
1533,MERCER,IL,17131,1,22
1534,MERCER,KY,21167,1,25
1535,MERCER,ND,38057,1,13
1536,MERCER,NJ,34021,11,-178
1537,MERCER,OH,39107,1,88
1538,MERCER,PA,42085,5,-478
1539,MERCER,WV,54055,3,419
1540,MERIWETHER,GA,13199,3,188
1541,MERRICK,NE,31121,1,20
1542,MERRIMACK,NH,33013,3,345
1543,MESA,CO,08077,3,-539
1544,MIAMI,IN,18103,1,25
1545,MIAMI,KS,20121,2,194
1546,MIAMI,OH,39109,1,193
1547,MIAMI-DADE,FL,12086,36,9474
1548,MIDDLESEX,CT,09007,1,215
1549,MIDDLESEX,MA,25017,24,3151
1550,MIDDLESEX,NJ,34023,13,784
1551,MIDLAND,MI,26111,1,308
1552,MIDLAND,TX,48329,5,669
1553,MIFFLIN,PA,42087,1,123
1554,MILAM,TX,48331,2,35
1555,MILLARD,UT,49027,2,37
1556,MILLE LACS,MN,27095,1,28
1557,MILLER,AR,05091,1,62
1558,MILLER,GA,13201,1,25
1559,MILLS,IA,19129,1,851
1560,MILWAUKEE,WI,55079,22,3744
1561,MINERAL,MT,30061,1,25
1562,MINERAL,NV,32021,1,11
1563,MINERAL,WV,54057,1,25
1564,MINGO,WV,54059,1,76
1565,MINIDOKA,ID,16067,1,25
1566,MINNEHAHA,SD,46099,7,151
1567,MISSISSIPPI,AR,05093,1,25
1568,MISSOULA,MT,30063,2,404
1569,MITCHELL,IA,19131,1,25
1570,MITCHELL,KS,20123,1,75
1571,MITCHELL,NC,37121,1,46
1572,MITCHELL,TX,48335,1,25
1573,MOBILE,AL,01097,6,1580
1574,MOCA,PR,72099,1,106
1575,MODOC,CA,06049,2,113
1576,MOFFAT,CO,08081,1,-999
1577,MOHAVE,AZ,04015,4,-477
1578,MONGOMERY,AL,01101,1,-999
1579,MONMOUTH,NJ,34025,7,966
1580,MONO,CA,06051,1,17
1581,MONONA,IA,19133,1,25
1582,MONONGALIA,WV,54061,3,940
1583,MONROE,FL,12087,4,148
1584,MONROE,IA,19135,1,25
1585,MONROE,IN,18105,3,-631
1586,MONROE,KY,21171,1,49
1587,MONROE,MI,26115,1,217
1588,MONROE,MS,28095,2,130
1589,MONROE,NY,36055,7,-250
1590,MONROE,PA,42089,2,-764
1591,MONROE,TN,47123,1,59
1592,MONROE,WI,55081,3,-949
1593,MONTAGUE,TX,48337,2,87
1594,MONTCALM,MI,26117,4,148
1595,MONTEREY,CA,06053,4,793
1596,MONTEZUMA,CO,08083,1,25
1597,MONTGOMERY,AL,01101,7,144
1598,MONTGOMERY,IA,19137,1,25
1599,MONTGOMERY,IL,17135,2,50
1600,MONTGOMERY,IN,18107,1,103
1601,MONTGOMERY,KS,20125,2,128
1602,MONTGOMERY,KY,21173,1,42
1603,MONTGOMERY,KY,47125,1,-999
1604,MONTGOMERY,MD,24031,9,493
1605,MONTGOMERY,MS,28097,2,44
1606,MONTGOMERY,NC,37123,1,37
1607,MONTGOMERY,NY,36057,2,130
1608,MONTGOMERY,OH,39113,16,2967
1609,MONTGOMERY,PA,42091,16,3580
1610,MONTGOMERY,TN,47125,1,270
1611,MONTGOMERY,TX,48339,15,1530
1612,MONTGOMERY,VA,51121,2,280
1613,MONTOUR,PA,42093,4,656
1614,MONTROSE,CO,08085,1,69
1615,MOODY,SD,46101,1,18
1616,MOORE,NC,37125,1,372
1617,MOREHOUSE,LA,22067,3,-917
1618,MORGAN,AL,01103,4,476
1619,MORGAN,CO,08087,2,69
1620,MORGAN,GA,13211,1,41
1621,MORGAN,IL,17137,1,108
1622,MORGAN,IN,18109,2,207
1623,MORGAN,KY,21175,1,25
1624,MORGAN,WV,54065,1,41
1625,MORRILL,NE,31123,1,20
1626,MORRIS,KS,20127,1,25
1627,MORRIS,NJ,34027,10,1006
1628,MORRISON,MN,27097,1,49
1629,MORROW,OH,39117,1,22
1630,MORTON,KS,20129,1,120
1631,MORTON,ND,38059,1,41
1632,MOUNTRAIL,ND,38061,1,11
1633,MOWER,MN,27099,1,82
1634,MUHLENBERG,KY,21177,1,90
1635,MULTNOMAH,OR,41051,12,-3017
1636,MURRAY,GA,13213,1,42
1637,MURRAY,MN,27101,1,25
1638,MURRAY,OK,40099,1,25
1639,MUSCATINE,IA,19139,1,48
1640,MUSCOGEE,GA,13215,6,-1
1641,MUSKEGON,MI,26121,3,413
1642,MUSKINGUM,OH,39119,3,-407
1643,MUSKOGEE,OK,40101,4,-570
1644,MUSSELSHELL,MT,30065,1,25
1645,NACOGDOCHES,TX,48347,3,390
1646,NANCE,NE,31125,1,19
1647,NANTUCKET,MA,25019,1,19
1648,NAPA,CA,06055,3,1780
1649,NASH,NC,37127,2,403
1650,NASSAU,FL,12089,1,54
1651,NASSAU,NY,36059,12,2969
1652,NATCHITOCHES,LA,22069,2,-791
1653,NATRONA,WY,56025,6,-622
1654,NAVAJO,AZ,04017,6,-2867
1655,NAVARRO,TX,48349,1,162
1656,NELSON,KY,21179,1,40
1657,NELSON,ND,38063,1,19
1658,NEMAHA,KS,20131,2,49
1659,NEMAHA,NE,31127,1,16
1660,NEOSHO,KS,20133,1,25
1661,NESHOBA,MS,28099,2,-951
1662,NESS,KS,20135,3,-890
1663,NEVADA,CA,06057,2,176
1664,NEW CASTLE,DE,10003,9,793
1665,NEW HANOVER,NC,37129,2,-230
1666,NEW HAVEN,CT,09009,10,1047
1667,NEW KENT,VA,51127,1,110
1668,NEW LONDON,CT,09011,2,465
1669,NEW YORK,NY,36061,29,5058
1670,NEWAYGO,MI,26123,1,25
1671,NEWBERRY,SC,45071,1,90
1672,NEWPORT,RI,44005,2,-870
1673,NEWPORT NEWS,VA,51700,5,792
1674,NEWTON,GA,13217,1,97
1675,NEWTON,MO,29145,5,463
1676,NEWTON,MS,28101,2,55
1677,NEZ PERCE,ID,16069,1,145
1678,NIAGARA,NY,36063,4,552
1679,NICHOLAS,KY,21181,1,18
1680,NICHOLAS,WV,54067,1,105
1681,NICOLLET,MN,27103,1,17
1682,NIOBRARA,WY,56027,1,24
1683,NOBLE,IN,18113,1,31
1684,NOBLE,OK,40103,1,26
1685,NOBLES,MN,27105,1,48
1686,NODAWAY,MO,29147,1,81
1687,NOLAN,TX,48353,1,85
1688,NOME,AK,02180,1,36
1689,NORFOLK,MA,25021,13,-582
1690,NORFOLK,VA,51710,7,1400
1691,NORMAN,MN,27107,1,14
1692,NORTH SLOPE,AK,02185,1,-999
1693,NORTHAMPTON,PA,42095,3,-637
1694,NORTHAMPTON,VA,51131,1,143
1695,NORTHUMBERLAND,PA,42097,2,173
1696,NORTHWEST ARCTIC,AK,02188,1,17
1697,NORTON,KS,20137,1,25
1698,NORTON,VA,51720,2,262
1699,NOT AVAILABLE,MP,NOT AVAILABLE,1,-999
1700,NOT AVAILABLE,PW,NOT AVAILABLE,1,100
1701,NOT AVAILABLE,VI,NOT AVAILABLE,2,357
1702,NOTTOWAY,VA,51135,1,123
1703,NOWATA,OK,40105,1,25
1704,NOXUBEE,MS,28103,1,25
1705,NUCKOLLS,NE,31129,1,25
1706,NUECES,TX,48355,14,2224
1707,NYE,NV,32023,2,69
1708,O'BRIEN,IA,19141,2,50
1709,OAKLAND,MI,26125,17,4435
1710,OBION,TN,47131,1,137
1711,OCEAN,NJ,34029,9,1522
1712,OCEANA,MI,26127,1,24
1713,OCHILTREE,TX,48357,1,25
1714,OCONEE,SC,45073,1,169
1715,OCONTO,WI,55083,2,35
1716,OGEMAW,MI,26129,1,88
1717,OGLE,IL,17141,1,16
1718,OHIO,KY,21183,1,25
1719,OHIO,WV,54069,3,432
1720,OKALOOSA,FL,12091,6,-326
1721,OKANOGAN,WA,53047,2,47
1722,OKEECHOBEE,FL,12093,1,100
1723,OKFUSKEE,OK,40107,1,25
1724,OKLAHOMA,OK,40109,29,1924
1725,OKMULGEE,OK,40111,4,137
1726,OKTIBBEHA,MS,28105,1,96
1727,OLDHAM,KY,21185,2,187
1728,OLMSTED,MN,27109,3,2120
1729,ONEIDA,ID,16071,1,11
1730,ONEIDA,NY,36065,7,-2272
1731,ONEIDA,WI,55085,2,172
1732,ONONDAGA,NY,36067,7,-326
1733,ONSLOW,NC,37133,3,-1836
1734,ONTARIO,NY,36069,4,-600
1735,ONTONAGON,MI,26131,1,25
1736,ORANGE,CA,06059,41,8444
1737,ORANGE,FL,12095,18,2753
1738,ORANGE,IN,18117,1,24
1739,ORANGE,NC,37135,1,896
1740,ORANGE,NY,36071,7,-1096
1741,ORANGE,TX,48361,1,94
1742,ORANGE,VT,50017,1,25
1743,ORANGEBURG,SC,45075,2,301
1744,ORLEANS,LA,22071,15,-3324
1745,ORLEANS,NY,36073,1,39
1746,ORLEANS,VT,50019,1,25
1747,OROCOVIS,PR,72107,1,-999
1748,OSAGE,OK,40113,2,40
1749,OSBORNE,KS,20141,1,25
1750,OSCEOLA,FL,12097,6,997
1751,OSCEOLA,IA,19143,1,25
1752,OSCEOLA,MI,26133,1,25
1753,OSWEGO,NY,36075,2,158
1754,OTERO,CO,08089,1,78
1755,OTERO,NM,35035,2,112
1756,OTOE,NE,31131,2,36
1757,OTSEGO,MI,26137,1,46
1758,OTSEGO,NY,36077,2,240
1759,OTTAWA,KS,20143,1,42
1760,OTTAWA,MI,26139,3,311
1761,OTTAWA,OH,39123,1,25
1762,OTTAWA,OK,40115,2,167
1763,OTTER TAIL,MN,27111,2,133
1764,OUACHITA,AR,05103,1,100
1765,OUACHITA,LA,22073,11,-4316
1766,OUTAGAMIE,WI,55087,2,185
1767,OVERTON,TN,47133,1,82
1768,OWEN,KY,21187,1,25
1769,OXFORD,ME,23017,2,75
1770,OZAUKEE,WI,55089,3,326
1771,PACIFIC,WA,53049,2,51
1772,PAGE,IA,19145,4,110
1773,PAGE,VA,51139,1,25
1774,PALM BEACH,FL,12099,18,4200
1775,PALO ALTO,IA,19147,1,47
1776,PALO PINTO,TX,48363,1,74
1777,PANOLA,MS,28107,1,112
1778,PANOLA,TX,48365,1,49
1779,PARK,MT,30067,1,25
1780,PARK,WY,56029,2,50
1781,PARKER,TX,48367,2,125
1782,PARMER,TX,48369,1,25
1783,PASCO,FL,12101,10,1440
1784,PASQUOTANK,NC,37139,1,182
1785,PASSAIC,NJ,34031,6,457
1786,PATRICK,VA,51141,1,25
1787,PAULDING,GA,13223,1,83
1788,PAULDING,OH,39125,1,25
1789,PAWNEE,KS,20145,2,638
1790,PAWNEE,NE,31133,1,11
1791,PAWNEE,OK,40117,1,14
1792,PAYNE,OK,40119,2,216
1793,PEACH,GA,13225,3,-949
1794,PEARL RIVER,MS,28109,2,84
1795,PECOS,TX,48371,2,41
1796,PEMBINA,ND,38067,1,20
1797,PEMISCOT,MO,29155,1,167
1798,PEND OREILLE,WA,53051,1,74
1799,PENDER,NC,37141,1,86
1800,PENNINGTON,SD,46103,6,-490
1801,PENNINTON,MN,27113,1,26
1802,PENOBSCOT,ME,23019,5,661
1803,PEORIA,IL,17143,4,1122
1804,PEPIN,WI,55091,1,25
1805,PERKINS,NE,31135,1,20
1806,PERRY,IL,17145,2,50
1807,PERRY,KY,21193,1,358
1808,PERRY,MO,29157,1,25
1809,PERRY,MS,28111,1,22
1810,PERRY,TN,47135,1,53
1811,PERSHING,NV,32027,1,38
1812,PERSON,NC,37145,1,110
1813,PETERSBURG,VA,51730,3,572
1814,PETTIS,MO,29159,1,145
1815,PHELPS,MO,29161,1,242
1816,PHELPS,NE,31137,1,25
1817,PHILADELPHI,PA,42101,1,-999
1818,PHILADELPHIA,PA,42101,32,5999
1819,PHILLIPS,AR,05107,1,155
1820,PHILLIPS,CO,08095,2,40
1821,PHILLIPS,MT,30071,1,6
1822,PIATT,IL,17147,2,-983
1823,PICKAWAY,OH,39129,1,82
1824,PICKENS,AL,01107,1,56
1825,PICKENS,GA,13227,1,48
1826,PICKENS,SC,45077,2,164
1827,PIERCE,ND,38069,1,25
1828,PIERCE,NE,31139,2,40
1829,PIERCE,WA,53053,9,1453
1830,PIKE,AL,01109,1,97
1831,PIKE,IL,17149,1,21
1832,PIKE,KY,21195,2,374
1833,PIKE,MO,29163,1,25
1834,PIKE,MS,28113,2,197
1835,PIKE,OH,39131,1,25
1836,PIMA,AZ,04019,21,-1838
1837,PINAL,AZ,04021,7,-3747
1838,PINE,MN,27115,1,30
1839,PINELLAS,FL,12103,16,3871
1840,PIPESTONE,MN,27117,1,44
1841,PISCATAQUIS,ME,23021,2,50
1842,PITKIN,CO,08097,1,25
1843,PITT,NC,37147,1,909
1844,PITTSBURG,OK,40121,2,185
1845,PLACER,CA,06061,4,748
1846,PLATTE,MO,29165,1,97
1847,PLATTE,WY,56031,1,25
1848,PLUMAS,CA,06063,3,87
1849,PLYMOUTH,IA,19149,1,25
1850,PLYMOUTH,MA,25023,7,-199
1851,POCAHONTAS,IA,19151,1,25
1852,POCAHONTAS,WV,54075,1,25
1853,POINTE COUPEE,LA,22077,1,25
1854,POLK,AR,05113,1,65
1855,POLK,FL,12105,6,1793
1856,POLK,GA,13233,1,53
1857,POLK,IA,19153,9,821
1858,POLK,MN,27119,2,92
1859,POLK,MO,29167,1,86
1860,POLK,NC,37149,1,35
1861,POLK,NE,31143,1,16
1862,POLK,OR,41053,1,15
1863,POLK,TN,47139,1,25
1864,POLK,TX,48373,1,66
1865,POLK,WI,55095,4,83
1866,PONCE,PR,72113,6,-1480
1867,PONDERA,MT,30073,1,79
1868,PONTOTOC,MS,28115,1,25
1869,PONTOTOC,OK,40123,3,-783
1870,POPE,AR,05115,1,170
1871,POPE,MN,27121,1,34
1872,PORTAGE,OH,39133,1,302
1873,PORTAGE,WI,55097,1,94
1874,PORTER,IN,18127,3,-682
1875,PORTSMOUTH,VA,51740,2,-653
1876,POTTAWATOMIE,KS,20149,3,-822
1877,POTTAWATOMIE,OK,40125,2,136
1878,POTTAWATTAMIE,IA,19155,2,514
1879,POTTER,PA,42105,1,59
1880,POTTER,SD,46107,2,36
1881,POTTER,TX,48375,9,147
1882,POWELL,MT,30077,1,16
1883,POWER,ID,16077,1,10
1884,POWESHIEK,IA,19157,1,49
1885,PRAIRIE,MT,30079,1,22
1886,PRATT,KS,20151,1,85
1887,PRENTISS,MS,28117,1,114
1888,PRESQUE ISLE,MI,26141,1,28
1889,PRESTON,WV,54077,1,25
1890,PRICE,WI,55099,1,25
1891,PRINCE EDWARD,VA,51147,1,116
1892,PRINCE GEORGE'S,MD,24033,7,866
1893,PRINCE WILLIAM,VA,51153,3,-756
1894,PROVIDENCE,RI,44007,15,1274
1895,PROWERS,CO,08099,1,25
1896,PUEBLO,CO,08101,4,293
1897,PULASKI,AR,05119,20,-2455
1898,PULASKI,GA,13235,1,49
1899,PULASKI,IN,18131,1,25
1900,PULASKI,KY,21199,1,295
1901,PULASKI,MO,29169,1,-999
1902,PULASKI,VA,51155,1,135
1903,PUSHMATAHA,OK,40127,1,25
1904,PUTNAM,FL,12107,1,99
1905,PUTNAM,GA,13237,1,25
1906,PUTNAM,IN,18133,1,25
1907,PUTNAM,MO,29171,1,15
1908,PUTNAM,NY,36079,1,164
1909,PUTNAM,TN,47141,1,247
1910,PUTNAM,WV,54079,1,70
1911,QUAY,NM,35037,1,25
1912,QUEENS,NY,36081,12,737
1913,QUITMAN,MS,28119,1,33
1914,RABUN,GA,13241,1,25
1915,RACINE,WI,55101,4,715
1916,RALEIGH,WV,54081,3,-526
1917,RAMSEY,MN,27123,5,1506
1918,RAMSEY,ND,38071,1,25
1919,RANDALL,TX,48381,1,4
1920,RANDOLPH,AL,01111,1,34
1921,RANDOLPH,AR,05121,1,50
1922,RANDOLPH,GA,13243,1,25
1923,RANDOLPH,IL,17157,3,-834
1924,RANDOLPH,IN,18135,1,25
1925,RANDOLPH,MO,29175,1,100
1926,RANDOLPH,NC,37151,1,145
1927,RANDOLPH,WV,54083,1,90
1928,RANKIN,MS,28121,7,2081
1929,RANSOM,ND,38073,1,25
1930,RAPIDES,LA,22079,13,-5028
1931,RAVALLI,MT,30081,1,37
1932,RAWLINS,KS,20153,1,24
1933,RAY,MO,29177,1,34
1934,REAGAN,TX,48383,1,7
1935,RED RIVER,LA,22081,2,37
1936,RED RIVER,TX,48387,1,49
1937,REDWOOD,MN,27127,1,25
1938,REEVES,TX,48389,1,25
1939,REFUGIO,TX,48391,1,20
1940,RENO,KS,20155,2,223
1941,RENSSELAER,NY,36083,3,423
1942,RENVILLE,MN,27129,2,41
1943,REPUBLIC,KS,20157,1,63
1944,REYNOLDS,MO,29179,1,-999
1945,RHEA,TN,47143,1,25
1946,RICE,KS,20159,1,25
1947,RICE,MN,27131,1,49
1948,RICHARDSON,NE,31147,1,24
1949,RICHLAND,IL,17159,1,90
1950,RICHLAND,LA,22083,2,56
1951,RICHLAND,MT,30083,1,118
1952,RICHLAND,OH,39139,4,-568
1953,RICHLAND,SC,45079,15,329
1954,RICHLAND,WI,55103,1,25
1955,RICHMOND,GA,13245,10,118
1956,RICHMOND,NC,37153,2,163
1957,RICHMOND,NY,36085,6,-811
1958,RICHMOND CITY,VA,51760,6,613
1959,RILEY,KS,20161,2,109
1960,RINGGOLD,IA,19159,1,16
1961,RIO ARRIBA,NM,35039,1,80
1962,RIO BLANCO,CO,08103,2,-953
1963,RIO GRANDE,CO,08105,1,17
1964,RIPLEY,IN,18137,1,25
1965,RIPLEY,MO,29181,1,21
1966,RIVERSIDE,CA,06065,24,3945
1967,ROANE,TN,47145,1,54
1968,ROANE,WV,54087,1,60
1969,ROANOKE,VA,51161,1,110
1970,ROANOKE CITY,VA,51770,2,934
1971,ROBERTS,SD,46109,1,25
1972,ROBERTSON,TN,47147,1,109
1973,ROCK,MN,27133,1,28
1974,ROCK,NE,31149,1,24
1975,ROCK,WI,55105,4,564
1976,ROCK ISLAND,IL,17161,3,-555
1977,ROCKCASTLE,KY,21203,1,26
1978,ROCKDALE,GA,13247,1,146
1979,ROCKINGHAM,NC,37157,2,352
1980,ROCKINGHAM,NH,33015,5,539
1981,ROCKINGHAM,VA,51165,1,238
1982,ROCKLAND,NY,36087,4,1169
1983,ROCKWALL,TX,48397,2,162
1984,ROGER MILLS,OK,40129,1,15
1985,ROGERS,OK,40131,2,-918
1986,ROLETTE,ND,38079,2,-974
1987,ROOKS,KS,20163,1,20
1988,ROOSEVELT,MT,30085,3,-954
1989,ROOSEVELT,NM,35041,1,30
1990,ROSEAU,MN,27135,1,25
1991,ROSEBUD,MT,30087,1,55
1992,ROSS,OH,39141,2,-738
1993,ROUTT,CO,08107,1,98
1994,ROWAN,KY,21205,1,149
1995,ROWAN,NC,37159,2,-731
1996,RUNNELS,TX,48399,2,50
1997,RUSH,IN,18139,1,25
1998,RUSH,KS,20165,1,36
1999,RUSK,TX,48401,1,96
2000,RUSK,WI,55107,1,25
2001,RUSSELL,AL,01113,2,118
2002,RUSSELL,KS,20167,1,46
2003,RUSSELL,KY,21207,1,25
2004,RUSSELL,VA,51167,1,78
2005,RUTHERFORD,NC,37161,1,143
2006,RUTHERFORD,TN,47149,4,-1611
2007,RUTHERFORD,TN,47179,1,101
2008,RUTLAND,VT,50021,1,123
2009,SABINE,LA,22085,1,44
2010,SABINE,TX,48403,1,25
2011,SAC,IA,19161,1,25
2012,SACRAMENTO,CA,06067,18,3040
2013,SAGINAW,MI,26145,7,-1307
2014,SAINT BERNARD,LA,22087,1,-999
2015,SAINT CROIX,WI,55109,1,25
2016,SALEM,NJ,34033,2,222
2017,SALEM,VA,51775,2,794
2018,SALINE,AR,05125,1,167
2019,SALINE,IL,17165,2,98
2020,SALINE,KS,20169,2,214
2021,SALINE,MO,29195,2,75
2022,SALINE,NE,31151,2,43
2023,SALT LAKE,UT,49035,23,-3102
2024,SAMPSON,NC,37163,1,146
2025,SAN AUGUSTINE,TX,48405,1,18
2026,SAN BENITO,CA,06069,2,181
2027,SAN BERNARDINO,CA,06071,31,2909
2028,SAN DIEGO,CA,06073,37,3436
2029,SAN FRANCISCO,CA,06075,18,3829
2030,SAN GERMAN,PR,72125,2,207
2031,SAN JOAQUIN,CA,06077,10,1280
2032,SAN JUAN,NM,35045,3,267
2033,SAN JUAN,PR,72127,25,-11987
2034,SAN JUAN,UT,49037,2,-974
2035,SAN JUAN,WA,53055,1,25
2036,SAN LUIS OBISPO,CA,06079,6,1747
2037,SAN MATEO,CA,06081,11,782
2038,SAN MIGUEL,NM,35047,2,175
2039,SAN PATRICIO,TX,48409,1,75
2040,SANDERS,MT,30089,1,44
2041,SANDOVAL,NM,35043,2,271
2042,SANDUSKY,OH,39143,2,-940
2043,SANGAMON,IL,17167,4,1045
2044,SANILAC,MI,26151,3,65
2045,SANPETE,UT,49039,1,18
2046,SANTA BARBARA,CA,06083,9,1054
2047,SANTA CLARA,CA,06085,16,2474
2048,SANTA CRUZ,AZ,04023,1,56
2049,SANTA CRUZ,CA,06087,5,432
2050,SANTA FE,NM,35049,3,258
2051,SANTA ROSA,FL,12113,5,385
2052,SARASOTA,FL,12115,7,1618
2053,SARATOGA,NY,36091,2,259
2054,SARPY,NE,31153,3,208
2055,SAUK,WI,55111,4,197
2056,SAUNDERS,NE,31155,1,16
2057,SAWYER,WI,55113,1,25
2058,SCHENECTADY,NY,36093,4,-461
2059,SCHLEICHER,TX,48413,1,14
2060,SCHOHARIE,NY,36095,1,40
2061,SCHOOLCRAFT,MI,26153,1,12
2062,SCHUYLER,IL,17169,1,46
2063,SCHUYLER,NY,36097,1,25
2064,SCHUYLKILL,PA,42107,3,361
2065,SCIOTO,OH,39145,2,446
2066,SCOTLAND,MO,29199,1,25
2067,SCOTLAND,NC,37165,1,104
2068,SCOTT,AR,05127,1,-999
2069,SCOTT,IA,19163,4,1193
2070,SCOTT,IN,18143,1,25
2071,SCOTT,KS,20171,1,25
2072,SCOTT,KY,21209,1,75
2073,SCOTT,MN,27139,2,142
2074,SCOTT,MO,29201,1,144
2075,SCOTT,MS,28123,2,60
2076,SCOTT,TN,47151,1,25
2077,SCOTTS BLUFF,NE,31157,1,166
2078,SCREVEN,GA,13251,1,25
2079,SCURRY,TX,48415,1,25
2080,SEBASTIAN,AR,05131,7,1050
2081,SEDGWICK,CO,08115,1,64
2082,SEDGWICK,KS,20173,13,-858
2083,SEMINOLE,FL,12117,5,965
2084,SEMINOLE,GA,13253,1,65
2085,SEMINOLE,OK,40133,1,32
2086,SENECA,OH,39147,4,-678
2087,SEQUOYAH,OK,40135,1,26
2088,SEVIER,AR,05133,1,35
2089,SEVIER,TN,47155,1,79
2090,SEVIER,UT,49041,1,27
2091,SEWARD,KS,20175,1,101
2092,SHANNON,SD,46113,1,45
2093,SHARKEY,MS,28125,1,29
2094,SHASTA,CA,06089,7,763
2095,SHAWANO,WI,55115,2,50
2096,SHAWNEE,KS,20177,5,-231
2097,SHEBOYGAN,WI,55117,2,370
2098,SHELBY,AL,01117,3,349
2099,SHELBY,IA,19165,1,25
2100,SHELBY,IL,17173,1,30
2101,SHELBY,IN,18145,1,72
2102,SHELBY,KY,21211,1,70
2103,SHELBY,OH,39149,1,90
2104,SHELBY,TN,47157,22,4980
2105,SHELBY,TX,48419,1,-999
2106,SHENANDOAH,VA,51171,1,25
2107,SHERBURNE,MN,27141,1,54
2108,SHERIDAN,KS,20179,1,53
2109,SHERIDAN,MT,30091,1,97
2110,SHERIDAN,NE,31161,1,25
2111,SHERIDAN,WY,56033,2,-911
2112,SHERMAN,KS,20181,1,25
2113,SHIAWASSEE,MI,26155,1,107
2114,SHOSHONE,ID,16079,1,25
2115,SIBLEY,MN,27143,1,20
2116,SIERRA,CA,06091,1,39
2117,SIERRA,NM,35051,1,25
2118,SILVER BOW,MT,30093,2,206
2119,SIMPSON,KY,21213,1,25
2120,SIMPSON,MS,28127,2,99
2121,SIOUX,IA,19167,6,290
2122,SIOUX,ND,38085,1,-999
2123,SISKIYOU,CA,06093,2,61
2124,SITKA,AK,02220,2,54
2125,SKAGIT,WA,53057,3,205
2126,SMITH,KS,20183,1,53
2127,SMITH,MS,28129,1,29
2128,SMITH,TX,48423,10,1337
2129,SMYTH,VA,51173,2,223
2130,SNOHOMISH,WA,53061,8,-2211
2131,SOCORRO,NM,35053,1,24
2132,SOLANO,CA,06095,7,749
2133,SOMERSET,MD,24039,1,89
2134,SOMERSET,ME,23025,2,50
2135,SOMERSET,NJ,34035,5,-240
2136,SOMERSET,PA,42111,3,224
2137,SOMERVELL,TX,48425,1,16
2138,SONOMA,CA,06097,12,1072
2139,SPALDING,GA,13255,1,160
2140,SPARTANBURG,SC,45083,6,943
2141,SPOKANE,WA,53063,8,1656
2142,SPOTSYLVANIA,VA,51177,1,100
2143,ST JOSEPH,IN,18141,1,-999
2144,ST. BERNARD,LA,22087,1,-999
2145,ST. CHARLES,LA,22089,1,59
2146,ST. CHARLES,MO,29183,7,852
2147,ST. CLAIR,AL,01115,1,40
2148,ST. CLAIR,IL,17163,3,473
2149,ST. CLAIR,MI,26147,3,398
2150,ST. CLAIR,MO,29185,2,59
2151,ST. CROIX,WI,55109,4,100
2152,ST. FRANCIS,AR,05123,1,118
2153,ST. FRANCOIS,MO,29187,4,-768
2154,ST. HELENA,LA,22091,1,25
2155,ST. JAMES,LA,22093,2,-979
2156,ST. JOHN THE BAPTIST,LA,22095,1,62
2157,ST. JOHNS,FL,12109,1,335
2158,ST. JOSEPH,IN,18141,6,811
2159,ST. JOSEPH,MI,26149,2,144
2160,ST. LANDRY,LA,22097,6,-1393
2161,ST. LAWRENCE,NY,36089,5,319
2162,ST. LOUIS,MN,27137,8,1125
2163,ST. LOUIS,MO,29189,20,2395
2164,ST. LOUIS CITY,MO,29510,14,1267
2165,ST. LUCIE,FL,12111,6,986
2166,ST. MARTIN,LA,22099,2,-974
2167,ST. MARY,LA,22101,2,187
2168,ST. MARY'S,MD,24037,1,95
2169,ST. TAMMANY,LA,22103,15,-3050
2170,STAFFORD,KS,20185,1,25
2171,STAFFORD,VA,51179,1,100
2172,STANISLAUS,CA,06099,12,1729
2173,STANLY,NC,37167,1,109
2174,STANTON,KS,20187,1,34
2175,STARK,ND,38089,2,50
2176,STARK,OH,39151,7,300
2177,STARKE,IN,18149,1,53
2178,STARR,TX,48427,1,48
2179,STAUNTON,VA,51790,2,-1998
2180,STE. GENEVIEVE,MO,29186,1,47
2181,STEARNS,MN,27145,5,588
2182,STEELE,MN,27147,1,43
2183,STEPHENS,GA,13257,1,96
2184,STEPHENS,OK,40137,1,138
2185,STEPHENSON,IL,17177,1,100
2186,STEUBEN,IN,18151,1,25
2187,STEUBEN,NY,36101,6,-1784
2188,STEVENS,KS,20189,1,100
2189,STEVENS,MN,27149,1,54
2190,STEVENS,WA,53065,2,90
2191,STEWART,GA,13259,1,25
2192,STILLWATER,MT,30095,1,23
2193,STODDARD,MO,29207,1,48
2194,STOKES,NC,37169,1,93
2195,STONE,AR,05137,1,25
2196,STONE,MS,28131,1,25
2197,STONEWALL,TX,48433,1,20
2198,STORY,IA,19169,4,279
2199,STRAFFORD,NH,33017,2,290
2200,STUTSMAN,ND,38093,2,165
2201,SUFFOLK,MA,25025,23,4134
2202,SUFFOLK,NY,36103,14,2584
2203,SUFFOLK,VA,51800,3,-1848
2204,SULLIVAN,IN,18153,1,25
2205,SULLIVAN,MO,29211,1,25
2206,SULLIVAN,NH,33019,1,25
2207,SULLIVAN,NY,36105,2,169
2208,SULLIVAN,TN,47163,4,1125
2209,SUMMERS,WV,54089,1,25
2210,SUMMIT,CO,08117,1,34
2211,SUMMIT,OH,39153,12,1820
2212,SUMMIT,UT,49043,1,26
2213,SUMNER,KS,20191,2,76
2214,SUMNER,TN,47165,2,296
2215,SUMTER,AL,01119,1,33
2216,SUMTER,FL,12119,2,339
2217,SUMTER,GA,13261,2,219
2218,SUMTER,SC,45085,1,283
2219,SUNFLOWER,MS,28133,3,140
2220,SURRY,NC,37171,2,226
2221,SUSQUEHANNA,PA,42115,3,104
2222,SUSSEX,DE,10005,3,476
2223,SUSSEX,NJ,34037,2,-853
2224,SUTTER,CA,06101,4,92
2225,SUTTON,TX,48435,1,12
2226,SUWANNEE,FL,12121,1,15
2227,SWAIN,NC,37173,2,76
2228,SWEET GRASS,MT,30097,1,50
2229,SWEETWATER,WY,56037,2,115
2230,SWIFT,MN,27151,2,46
2231,SWISHER,TX,48437,1,20
2232,TALBOT,MD,24041,1,132
2233,TALLADEGA,AL,01121,2,285
2234,TALLAHATCHIE,MS,28135,1,18
2235,TALLAPOOSA,AL,01123,2,127
2236,TANEY,MO,29213,1,157
2237,TANGIPAHOA,LA,22105,10,-575
2238,TARRANT,TX,48439,51,6790
2239,TATE,MS,28137,1,76
2240,TATTNALL,GA,13267,1,25
2241,TAYLOR,FL,12123,1,48
2242,TAYLOR,GA,13269,1,-999
2243,TAYLOR,TX,48441,5,864
2244,TAYLOR,WI,55119,2,149
2245,TAYLOR,WV,54091,1,101
2246,TAZEWELL,IL,17179,2,150
2247,TAZEWELL,VA,51185,2,231
2248,TEHAMA,CA,06103,1,76
2249,TELLER,CO,08119,1,15
2250,TERREBONNE,LA,22109,5,-632
2251,TERRY,TX,48445,1,45
2252,TETON,ID,16081,1,13
2253,TETON,MT,30099,1,40
2254,TETON,WY,56039,1,48
2255,TEXAS,MO,29215,1,66
2256,TEXAS,OK,40139,1,47
2257,THAYER,NE,31169,1,19
2258,THOMAS,GA,13275,2,664
2259,THROCKMORTON,TX,48447,1,14
2260,THURSTON,NE,31173,2,-978
2261,THURSTON,WA,53067,2,474
2262,TIFT,GA,13277,1,191
2263,TILLAMOOK,OR,41057,1,25
2264,TILLMAN,OK,40141,1,37
2265,TIOGA,PA,42117,1,83
2266,TIPPAH,MS,28139,1,25
2267,TIPPECANOE,IN,18157,7,813
2268,TIPTON,IN,18159,1,25
2269,TIPTON,TN,47167,1,100
2270,TISHOMINGO,MS,28141,1,48
2271,TITUS,TX,48449,1,164
2272,TODD,MN,27153,2,71
2273,TODD,SD,46121,1,35
2274,TOLLAND,CT,09013,2,-897
2275,TOM GREEN,TX,48451,4,614
2276,TOMPKINS,NY,36109,1,212
2277,TOOELE,UT,49045,1,31
2278,TOOLE,MT,30101,1,25
2279,TOOMBS,GA,13279,1,57
2280,TOWNER,ND,38095,1,20
2281,TOWNS,GA,13281,1,25
2282,TRAILL,ND,38097,2,41
2283,TRANSYLVANIA,NC,37175,1,94
2284,TRAVERSE,MN,27155,1,25
2285,TRAVIS,TX,48453,27,2822
2286,TREGO,KS,20195,1,62
2287,TREMPEALEAU,WI,55121,2,43
2288,TRIGG,KY,21221,1,25
2289,TRINITY,TX,48455,1,45
2290,TRIPP,SD,46123,1,25
2291,TROUP,GA,13285,1,276
2292,TROUSDALE,TN,47169,1,25
2293,TRUMBULL,OH,39155,5,693
2294,TULARE,CA,06107,7,2086
2295,TULSA,OK,40143,23,3832
2296,TUOLUMNE,CA,06109,3,152
2297,TURNER,SD,46125,1,12
2298,TUSCALOOSA,AL,01125,7,-2064
2299,TUSCARAWAS,OH,39157,3,198
2300,TUSCOLA,MI,26157,2,50
2301,TWIN FALLS,ID,16083,2,253
2302,TYLER,TX,48457,1,49
2303,TYLER,WV,54095,1,12
2304,UINTA,WY,56041,2,225
2305,UINTAH,UT,49047,1,39
2306,ULSTER,NY,36111,3,325
2307,UMATILLA,OR,41059,3,514
2308,UNICOI,TN,47171,1,83
2309,UNION,AR,05139,1,166
2310,UNION,FL,12125,3,217
2311,UNION,GA,13291,1,45
2312,UNION,IA,19175,1,25
2313,UNION,IL,17181,1,47
2314,UNION,KY,21225,1,25
2315,UNION,LA,22111,1,11
2316,UNION,MS,28145,1,153
2317,UNION,NC,37179,1,227
2318,UNION,NJ,34039,10,522
2319,UNION,NM,35059,1,25
2320,UNION,OH,39159,1,97
2321,UNION,OR,41061,1,25
2322,UNION,PA,42119,1,127
2323,UNION,SC,45087,1,143
2324,UNION,SD,46127,1,38
2325,UPSHUR,TX,48459,1,37
2326,UPSON,GA,13293,1,115
2327,UPTON,TX,48461,2,29
2328,UTAH,UT,49049,9,-3077
2329,UTUADO,PR,72141,1,-999
2330,UVALDE,TX,48463,1,25
2331,VAL VERDE,TX,48465,1,93
2332,VALDEZ-CORDOVA,AK,02261,3,-955
2333,VALLEY,ID,16085,2,25
2334,VALLEY,MT,30105,1,25
2335,VALLEY,NE,31175,1,16
2336,VAN BUREN,AR,05141,1,25
2337,VAN BUREN,IA,19177,1,25
2338,VAN BUREN,MI,26159,2,84
2339,VAN WERT,OH,39161,2,195
2340,VAN ZANDT,TX,48467,1,52
2341,VANCE,NC,37181,1,102
2342,VANDERBURGH,IN,18163,6,267
2343,VEGA BAJA,PR,72145,1,150
2344,VENANGO,PA,42121,1,164
2345,VENTURA,CA,06111,13,1690
2346,VERMILION,IL,17183,3,447
2347,VERMILION,LA,22113,2,95
2348,VERMILLION,IN,18165,1,25
2349,VERNON,LA,22115,5,-880
2350,VERNON,MO,29217,2,140
2351,VERNON,WI,55123,2,50
2352,VICTORIA,TX,48469,5,379
2353,VIEQUES,PR,72147,1,-999
2354,VIGO,IN,18167,4,541
2355,VILAS,WI,55125,1,25
2356,VIRGINIA BEACH,VA,51810,4,700
2357,VOLUSIA,FL,12127,9,2042
2358,WABASH,IL,17185,1,25
2359,WABASH,IN,18169,1,25
2360,WABASHA,MN,27157,1,25
2361,WADENA,MN,27159,1,49
2362,WAGONER,OK,40145,1,100
2363,WAKE,NC,37183,8,-1216
2364,WALDO,ME,23027,1,25
2365,WALKER,AL,01127,1,267
2366,WALKER,TX,48471,1,123
2367,WALLA WALLA,WA,53071,3,316
2368,WALLOWA,OR,41063,1,57
2369,WALSH,ND,38099,1,14
2370,WALTHALL,MS,28147,1,25
2371,WALTON,FL,12131,2,108
2372,WALTON,GA,13297,2,192
2373,WALWORTH,SD,46129,1,25
2374,WALWORTH,WI,55127,2,134
2375,WAPELLO,IA,19179,1,217
2376,WARD,ND,38101,3,527
2377,WARD,TX,48475,1,25
2378,WARE,GA,13299,2,284
2379,WARREN,IL,17187,1,23
2380,WARREN,IN,18171,1,16
2381,WARREN,KY,21227,4,733
2382,WARREN,MS,28149,2,396
2383,WARREN,NJ,34041,3,-690
2384,WARREN,NY,36113,1,410
2385,WARREN,OH,39165,3,-949
2386,WARREN,PA,42123,2,279
2387,WARREN,TN,47177,1,125
2388,WARREN,VA,51187,1,60
2389,WARRICK,IN,18173,4,181
2390,WASATCH,UT,49051,1,19
2391,WASCO,OR,41065,1,49
2392,WASECA,MN,27161,1,35
2393,WASHAKIE,WY,56043,1,18
2394,WASHBURN,WI,55129,3,75
2395,WASHINGTON,AR,05143,9,-2181
2396,WASHINGTON,FL,12133,1,59
2397,WASHINGTON,GA,13303,1,116
2398,WASHINGTON,IA,19183,1,25
2399,WASHINGTON,ID,16087,1,25
2400,WASHINGTON,IN,18175,1,25
2401,WASHINGTON,LA,22117,3,-1978
2402,WASHINGTON,MD,24043,3,372
2403,WASHINGTON,ME,23029,2,50
2404,WASHINGTON,MN,27163,2,183
2405,WASHINGTON,MO,29221,1,25
2406,WASHINGTON,MS,28151,3,363
2407,WASHINGTON,NE,31177,1,25
2408,WASHINGTON,OH,39167,2,240
2409,WASHINGTON,OK,40147,1,140
2410,WASHINGTON,OR,41067,5,-130
2411,WASHINGTON,PA,42125,4,602
2412,WASHINGTON,RI,44009,2,225
2413,WASHINGTON,TN,47179,7,-97
2414,WASHINGTON,TX,48477,1,60
2415,WASHINGTON,UT,49053,2,-738
2416,WASHINGTON,VA,51191,1,116
2417,WASHINGTON,VT,50023,2,147
2418,WASHINGTON,WI,55131,2,141
2419,WASHITA,OK,40149,1,14
2420,WASHOE,NV,32031,14,-308
2421,WASHTENAW,MI,26161,7,-279
2422,WATAUGA,NC,37189,2,217
2423,WATONWAN,MN,27165,2,50
2424,WAUKESHA,WI,55133,8,1188
2425,WAUSHARA,WI,55137,1,25
2426,WAYNE,GA,13305,1,88
2427,WAYNE,IA,19185,1,25
2428,WAYNE,IL,17191,1,55
2429,WAYNE,IN,18177,3,-748
2430,WAYNE,MI,26163,27,5050
2431,WAYNE,MS,28153,1,80
2432,WAYNE,NY,36117,1,120
2433,WAYNE,OH,39169,2,184
2434,WAYNE,PA,42127,1,90
2435,WAYNE,TN,47181,1,78
2436,WAYNE,WV,54099,1,-999
2437,WEAKLEY,TN,47183,2,140
2438,WEBB,TX,48479,6,-421
2439,WEBER,UT,49057,2,477
2440,WEBSTER,IA,19187,1,200
2441,WEBSTER,LA,22119,2,196
2442,WEBSTER,MS,28155,1,38
2443,WEBSTER,NE,31181,1,13
2444,WEBSTER,WV,54101,1,15
2445,WELD,CO,08123,1,300
2446,WELLS,IN,18179,1,79
2447,WELLS,ND,38103,1,25
2448,WEST CARROLL,LA,22123,1,21
2449,WEST FELICIANA,LA,22125,1,22
2450,WESTCHESTER,NY,36119,18,2236
2451,WESTMORELAND,PA,42129,6,-986
2452,WESTON,WY,56045,1,12
2453,WETZEL,WV,54103,1,58
2454,WEXFORD,MI,26165,1,49
2455,WHARTON,TX,48481,2,210
2456,WHATCOM,WA,53073,2,-746
2457,WHEATLAND,MT,30107,1,25
2458,WHEELER,GA,13309,1,25
2459,WHEELER,TX,48483,2,41
2460,WHITE,AR,05145,3,506
2461,WHITE,IN,18181,1,25
2462,WHITE,TN,47185,1,60
2463,WHITE PINE,NV,32033,1,12
2464,WHITESIDE,IL,17195,2,135
2465,WHITFIELD,GA,13313,1,282
2466,WHITLEY,IN,18183,1,30
2467,WHITLEY,KY,21235,1,273
2468,WHITMAN,WA,53075,2,50
2469,WICHITA,KS,20203,1,37
2470,WICHITA,TX,48485,7,-440
2471,WICOMICO,MD,24045,3,416
2472,WILBARGER,TX,48487,2,687
2473,WILCOX,AL,01131,1,30
2474,WILKES,GA,13317,1,25
2475,WILKES,NC,37193,1,130
2476,WILKIN,MN,27167,1,25
2477,WILKINSON,MS,28157,1,25
2478,WILL,IL,17197,4,-82
2479,WILLIAMS,ND,38105,2,50
2480,WILLIAMS,OH,39171,2,123
2481,WILLIAMSBURG,SC,45089,1,25
2482,WILLIAMSBURG,VA,51830,1,40
2483,WILLIAMSON,IL,17199,3,431
2484,WILLIAMSON,TN,47187,2,225
2485,WILLIAMSON,TX,48491,12,1009
2486,WILSON,KS,20205,1,34
2487,WILSON,NC,37195,1,317
2488,WILSON,TN,47189,2,-754
2489,WILSON,TX,48493,1,44
2490,WINCHESTER,VA,51840,2,-588
2491,WINDHAM,CT,09015,2,234
2492,WINDHAM,VT,50025,3,229
2493,WINDSOR,VT,50027,2,-964
2494,WINKLER,TX,48495,1,19
2495,WINN,LA,22127,3,99
2496,WINNEBAGO,IL,17201,4,907
2497,WINNEBAGO,WI,55139,5,795
2498,WINNESHIEK,IA,19191,1,25
2499,WINONA,MN,27169,1,99
2500,WINSTON,AL,01133,1,59
2501,WINSTON,MS,28159,3,93
2502,WISE,TX,48497,3,184
2503,WISE,VA,51195,1,60
2504,WOOD,OH,39173,1,196
2505,WOOD,TX,48499,2,50
2506,WOOD,WI,55141,3,619
2507,WOOD,WV,54107,2,313
2508,WOODBURY,IA,19193,3,-169
2509,WOODFORD,IL,17203,1,18
2510,WOODFORD,KY,21239,1,25
2511,WOODS,OK,40151,1,25
2512,WOODWARD,OK,40153,2,115
2513,WORCESTER,MA,25027,14,1950
2514,WORCESTER,MD,24047,1,45
2515,WORTH,GA,13321,1,25
2516,WRANGELL-PETERSBURG,AK,02280,2,49
2517,WRIGHT,IA,19197,2,47
2518,WRIGHT,MN,27171,2,104
2519,WYANDOT,OH,39175,1,31
2520,WYANDOTTE,KS,20209,4,1232
2521,WYOMING,NY,36121,1,62
2522,WYOMING,PA,42131,1,48
2523,WYTHE,VA,51197,1,108
2524,YADKIN,NC,37197,1,22
2525,YAKIMA,WA,53077,4,528
2526,YALOBUSHA,MS,28161,1,26
2527,YAMHILL,OR,41071,2,128
2528,YANKTON,SD,46135,3,242
2529,YATES,NY,36123,1,25
2530,YAUCO,PR,72153,1,105
2531,YAVAPAI,AZ,04025,5,-667
2532,YAZOO,MS,28163,1,25
2533,YELL,AR,05149,2,76
2534,YELLOW MEDICINE,MN,27173,2,55
2535,YELLOWSTONE,MT,30111,3,630
2536,YOAKUM,TX,48501,1,24
2537,YOLO,CA,06113,2,156
2538,YORK,ME,23031,5,-705
2539,YORK,NE,31185,2,38
2540,YORK,PA,42133,6,-650
2541,YORK,SC,45091,2,334
2542,YORK,VA,51199,2,-854
2543,YOUNG,TX,48503,2,67
2544,YUBA,CA,06115,2,-826
2545,YUMA,AZ,04027,3,-589
2546,YUMA,CO,08125,2,28
